,hoard_id,coin_group_id,start_year,end_year,revised_start,revised_end,ruler,revised_ruler,denomination,num_coins,mint,imported,created,updated,comments
6,DY-1,DY-1-1,355,360.0,355,360.0,Julian,,AE4 (1.23g),1.0,Arelato,2021-01-01 00:00:00.000000,2021-01-01 00:00:00.000000,2021-08-09 16:28:22.368953,
7,DY-1,DY-1-2,337,340.0,337,340.0,Constantine II,,AE3 (2.58g),1.0,Unknown,2021-01-01 00:00:00.000000,2021-01-01 00:00:00.000000,2021-08-09 16:28:22.368953,
8,DY-1,DY-1-3,348,350.0,348,350.0,Constans,,AE2 (5.15g),1.0,Arelato,2021-01-01 00:00:00.000000,2021-01-01 00:00:00.000000,2021-08-09 16:28:22.368953,"Publication says ""Valente"", but description is of a coin of Constans."
9,DY-1,DY-1-4,333,335.0,333,335.0,Constantine I,,AE4 (1.23g),1.0,Unknown,2021-01-01 00:00:00.000000,2021-01-01 00:00:00.000000,2021-08-09 16:28:22.368953,
10,DY-1,DY-1-5,392,395.0,392,395.0,Arcadius,,AE2 (5.15g),1.0,Cyzicus,2021-01-01 00:00:00.000000,2021-01-01 00:00:00.000000,2021-08-09 16:28:22.368953,
11,DY-2,DY-2-1,704,712.0,704,712.0,,,dinar,1.0,Unknown,2021-01-01 00:00:00.000000,2021-01-01 00:00:00.000000,2021-08-09 16:28:22.368953,"Gaillard read the date as indiction II (85H); Balaguer suggests it might be indiction X (93H), which might make the mint SPAN rather than AFRC"
12,DY-3,DY-3-1,711,718.0,711,718.0,,,fals,1.0,Unknown (Iberian Peninsula),2021-01-01 00:00:00.000000,2021-01-01 00:00:00.000000,2021-08-09 16:28:22.368953,
13,DY-4,DY-4-1,699,699.0,699,699.0,,,fals,1.0,al-Qayrawan,2021-01-01 00:00:00.000000,2021-01-01 00:00:00.000000,2021-08-09 16:28:22.368953,
14,DY-5,DY-5-1,708,712.0,708,712.0,,,fals,1.0,Tanja,2021-01-01 00:00:00.000000,2021-01-01 00:00:00.000000,2021-08-09 16:28:22.368953,
15,DY-6,DY-6-1,716,716.0,716,716.0,,,dinar,1.0,al-Qayrawan,2021-01-01 00:00:00.000000,2021-01-01 00:00:00.000000,2021-08-09 16:28:22.368953,
16,DY-7,DY-7-1,711,714.0,711,714.0,,,dinar,1.0,Unknown (Iberian Peninsula),2021-01-01 00:00:00.000000,2021-01-01 00:00:00.000000,2021-08-09 16:28:22.368953,Gaillard read the date as indiction XII; Balaguer corrects this to indiction X
17,DY-8,DY-8-1,717,717.0,717,717.0,,,dinar,1.0,Unknown (Iberian Peninsula),2021-01-01 00:00:00.000000,2021-01-01 00:00:00.000000,2021-08-09 16:28:22.368953,
18,DY-9,DY-9-1,712,712.0,712,712.0,,,dinar,1.0,Unknown (Iberian Peninsula),2021-01-01 00:00:00.000000,2021-01-01 00:00:00.000000,2021-08-09 16:28:22.368953,
19,DY-10,DY-10-1,712,712.0,712,712.0,,,dinar,1.0,Unknown (Iberian Peninsula),2021-01-01 00:00:00.000000,2021-01-01 00:00:00.000000,2021-08-09 16:28:22.368953,
20,DY-10,DY-10-2,711,714.0,711,714.0,,,dinar,1.0,Unknown (Iberian Peninsula),2021-01-01 00:00:00.000000,2021-01-01 00:00:00.000000,2021-08-09 16:28:22.368953,"Latin only, no indiction date"
21,DY-11,DY-11-1,704,706.0,704,706.0,,,nisf (1/2 dinar),1.0,al-Qayrawan,2021-01-01 00:00:00.000000,2021-01-01 00:00:00.000000,2021-08-09 16:28:22.368953,Jonson NA2 phase 1
22,DY-12,DY-12-1,698,703.0,698,703.0,,,thulth (1/3 dinar),1.0,al-Qayrawan,2021-01-01 00:00:00.000000,2021-01-01 00:00:00.000000,2021-08-09 16:28:22.368953,Jonson NA1
23,DY-12,DY-12-2,708,711.0,708,711.0,,,thulth (1/3 dinar),1.0,al-Qayrawan,2021-01-01 00:00:00.000000,2021-01-01 00:00:00.000000,2021-08-09 16:28:22.368953,Jonson NA2 phase 2
24,DY-13,DY-13-1,703,706.0,703,706.0,,,dinar,1.0,al-Qayrawan,2021-01-01 00:00:00.000000,2021-01-01 00:00:00.000000,2021-08-09 16:28:22.368953,Jonson NA2 phase 1
25,DY-14,DY-14-1,717,717.0,717,717.0,,,dinar,1.0,Unknown (Iberian Peninsula),2021-01-01 00:00:00.000000,2021-01-01 00:00:00.000000,2021-08-09 16:28:22.368953,Jonson IP3
26,DY-15,DY-15-1,650,700.0,650,700.0,,,fals,1.0,Dimashq,2021-01-01 00:00:00.000000,2021-01-01 00:00:00.000000,2021-08-09 16:28:22.368953,
27,DY-16,DY-16-1,717,717.0,717,717.0,,,dinar,1.0,Unknown (Iberian Peninsula),2021-01-01 00:00:00.000000,2021-01-01 00:00:00.000000,2021-08-09 16:28:22.368953,Jonson IP3
28,DY-17,DY-17-1,712,712.0,712,712.0,,,dinar,1.0,Unknown (Iberian Peninsula),2021-01-01 00:00:00.000000,2021-01-01 00:00:00.000000,2021-08-09 16:28:22.368953,
29,DY-17,DY-17-2,710,713.0,710,713.0,,,dinar,3.0,Unknown (Iberian Peninsula),2021-01-01 00:00:00.000000,2021-01-01 00:00:00.000000,2021-08-09 16:28:22.368953,
30,DY-18,DY-18-1,713,713.0,713,713.0,,,dinar,1.0,Unknown (Iberian Peninsula),2021-01-01 00:00:00.000000,2021-01-01 00:00:00.000000,2021-08-09 16:28:22.368953,
31,DY-19,DY-19-1,712,712.0,712,712.0,,,dinar,1.0,Unknown (Iberian Peninsula),2021-01-01 00:00:00.000000,2021-01-01 00:00:00.000000,2021-08-09 16:28:22.368953,
32,DY-20,DY-20-1,712,714.0,712,714.0,,,dinar,1.0,Unknown (Iberian Peninsula),2021-01-01 00:00:00.000000,2021-01-01 00:00:00.000000,2021-08-09 16:28:22.368953,"Date as written: indiction XII, 94 H. González and Martínez follow Hijri date, but indiction may be more reliable for Jonson IP2."
33,DY-21,DY-21-1,711,713.0,711,713.0,,,dinar,1.0,Unknown (Iberian Peninsula),2021-01-01 00:00:00.000000,2021-01-01 00:00:00.000000,2021-08-09 16:28:22.368953,"Date as written: indiction XI, 93 H. González and Martínez follow Hijri date, but indiction may be more reliable for Jonson IP2."
34,DY-22,DY-22-1,716,756.0,716,756.0,,,fals,1.0,Cordoba,2021-01-01 00:00:00.000000,2021-01-01 00:00:00.000000,2021-08-09 16:28:22.368953,
35,DY-23,DY-23-1,327,328.0,327,328.0,Constantine I,,nummus,1.0,Unknown,2021-01-01 00:00:00.000000,2021-01-01 00:00:00.000000,2021-08-09 16:28:22.368953,
36,DY-23,DY-23-2,330,330.0,330,330.0,Constantius II,,nummus,1.0,Unknown,2021-01-01 00:00:00.000000,2021-01-01 00:00:00.000000,2021-08-09 16:28:22.368953,
37,DY-23,DY-23-3,330,333.0,330,333.0,Constantine I,,nummus,1.0,Siscia,2021-01-01 00:00:00.000000,2021-01-01 00:00:00.000000,2021-08-09 16:28:22.368953,
38,DY-23,DY-23-4,306,340.0,306,340.0,Constantine I or Constantine II,,nummus,3.0,Unknown,2021-01-01 00:00:00.000000,2021-01-01 00:00:00.000000,2021-08-09 16:28:22.368953,
39,DY-23,DY-23-5,337,347.0,337,347.0,Constantine II,,nummus,2.0,Antioch,2021-01-01 00:00:00.000000,2021-01-01 00:00:00.000000,2021-08-09 16:28:22.368953,
40,DY-23,DY-23-6,347,348.0,347,348.0,Constantius II,,nummus,1.0,Alexandria,2021-01-01 00:00:00.000000,2021-01-01 00:00:00.000000,2021-08-09 16:28:22.368953,
41,DY-23,DY-23-7,347,348.0,347,348.0,Constantius II,,nummus,1.0,Rome,2021-01-01 00:00:00.000000,2021-01-01 00:00:00.000000,2021-08-09 16:28:22.368953,
42,DY-23,DY-23-8,352,352.0,352,352.0,Decentius,,nummus,1.0,Trier,2021-01-01 00:00:00.000000,2021-01-01 00:00:00.000000,2021-08-09 16:28:22.368953,
43,DY-23,DY-23-9,378,383.0,378,383.0,Gratian,,AE2 (5.15g),1.0,Arelato,2021-01-01 00:00:00.000000,2021-01-01 00:00:00.000000,2021-08-09 16:28:22.368953,
44,DY-23,DY-23-10,378,383.0,378,383.0,Gratian,,AE2 (5.15g),1.0,Thessalonica,2021-01-01 00:00:00.000000,2021-01-01 00:00:00.000000,2021-08-09 16:28:22.368953,
45,DY-23,DY-23-11,392,395.0,392,395.0,Theodosius I,,AE2 (5.15g),1.0,Cyzicus,2021-01-01 00:00:00.000000,2021-01-01 00:00:00.000000,2021-08-09 16:28:22.368953,
46,DY-23,DY-23-12,392,395.0,392,395.0,Honorius,,AE2 (5.15g),1.0,Unknown,2021-01-01 00:00:00.000000,2021-01-01 00:00:00.000000,2021-08-09 16:28:22.368953,
47,DY-24,DY-24-1,360,363.0,360,363.0,Julian,,nummus,1.0,Unknown,2021-01-01 00:00:00.000000,2021-01-01 00:00:00.000000,2021-08-09 16:28:22.368953,
48,DY-25,DY-25-1,350,353.0,350,353.0,Magnentius,,nummus,1.0,Arelato,2021-01-01 00:00:00.000000,2021-01-01 00:00:00.000000,2021-08-09 16:28:22.368953,
49,DY-26,DY-26-1,698,698.0,698,698.0,,,dirham,1.0,Unknown,2021-01-01 00:00:00.000000,2021-01-01 00:00:00.000000,2021-08-09 16:28:22.368953,
50,DY-26,DY-26-2,699,699.0,699,699.0,,,dirham,2.0,Unknown,2021-01-01 00:00:00.000000,2021-01-01 00:00:00.000000,2021-08-09 16:28:22.368953,
51,DY-26,DY-26-3,709,709.0,709,709.0,,,dirham,1.0,Unknown,2021-01-01 00:00:00.000000,2021-01-01 00:00:00.000000,2021-08-09 16:28:22.368953,
52,DY-26,DY-26-4,719,719.0,719,719.0,,,dirham,1.0,Unknown,2021-01-01 00:00:00.000000,2021-01-01 00:00:00.000000,2021-08-09 16:28:22.368953,
53,DY-26,DY-26-5,724,724.0,724,724.0,,,dirham,1.0,Unknown,2021-01-01 00:00:00.000000,2021-01-01 00:00:00.000000,2021-08-09 16:28:22.368953,
54,DY-26,DY-26-6,728,728.0,728,728.0,,,dirham,1.0,Unknown,2021-01-01 00:00:00.000000,2021-01-01 00:00:00.000000,2021-08-09 16:28:22.368953,
55,DY-26,DY-26-7,732,732.0,732,732.0,,,dirham,1.0,Unknown,2021-01-01 00:00:00.000000,2021-01-01 00:00:00.000000,2021-08-09 16:28:22.368953,
56,DY-26,DY-26-8,729,729.0,729,729.0,,,dirham,2.0,Cordoba,2021-01-01 00:00:00.000000,2021-01-01 00:00:00.000000,2021-08-09 16:28:22.368953,
57,DY-26,DY-26-9,730,730.0,730,730.0,,,dirham,1.0,Cordoba,2021-01-01 00:00:00.000000,2021-01-01 00:00:00.000000,2021-08-09 16:28:22.368953,
58,DY-26,DY-26-10,732,732.0,732,732.0,,,dirham,1.0,Cordoba,2021-01-01 00:00:00.000000,2021-01-01 00:00:00.000000,2021-08-09 16:28:22.368953,
59,DY-26,DY-26-11,733,733.0,733,733.0,,,dirham,1.0,Cordoba,2021-01-01 00:00:00.000000,2021-01-01 00:00:00.000000,2021-08-09 16:28:22.368953,
60,DY-26,DY-26-12,736,736.0,736,736.0,,,dirham,1.0,Cordoba,2021-01-01 00:00:00.000000,2021-01-01 00:00:00.000000,2021-08-09 16:28:22.368953,
61,DY-26,DY-26-13,714,714.0,714,714.0,,,dirham,1.0,Ardašir-Xwarrah (ART)?,2021-01-01 00:00:00.000000,2021-01-01 00:00:00.000000,2021-08-09 16:28:22.368953,
62,DY-26,DY-26-14,715,715.0,715,715.0,,,dirham,1.0,Irminiya,2021-01-01 00:00:00.000000,2021-01-01 00:00:00.000000,2021-08-09 16:28:22.368953,
63,DY-26,DY-26-15,719,719.0,719,719.0,,,dirham,1.0,Irminiya,2021-01-01 00:00:00.000000,2021-01-01 00:00:00.000000,2021-08-09 16:28:22.368953,
64,DY-26,DY-26-16,720,720.0,720,720.0,,,dirham,1.0,Irminiya,2021-01-01 00:00:00.000000,2021-01-01 00:00:00.000000,2021-08-09 16:28:22.368953,
65,DY-26,DY-26-17,722,722.0,722,722.0,,,dirham,1.0,Irminiya,2021-01-01 00:00:00.000000,2021-01-01 00:00:00.000000,2021-08-09 16:28:22.368953,
66,DY-26,DY-26-18,699,699.0,699,699.0,,,dirham,1.0,Arrān,2021-01-01 00:00:00.000000,2021-01-01 00:00:00.000000,2021-08-09 16:28:22.368953,
67,DY-26,DY-26-19,699,699.0,699,699.0,,,dirham,1.0,Unknown,2021-01-01 00:00:00.000000,2021-01-01 00:00:00.000000,2021-08-09 16:28:22.368953,
68,DY-26,DY-26-20,702,702.0,702,702.0,,,dirham,1.0,Unknown,2021-01-01 00:00:00.000000,2021-01-01 00:00:00.000000,2021-08-09 16:28:22.368953,
69,DY-26,DY-26-21,705,705.0,705,705.0,,,dirham,1.0,Al-Baṣra,2021-01-01 00:00:00.000000,2021-01-01 00:00:00.000000,2021-08-09 16:28:22.368953,
70,DY-26,DY-26-22,733,733.0,733,733.0,,,dirham,1.0,Unknown,2021-01-01 00:00:00.000000,2021-01-01 00:00:00.000000,2021-08-09 16:28:22.368953,
71,DY-26,DY-26-23,700,700.0,700,700.0,,,dirham,1.0,Al-Kufa,2021-01-01 00:00:00.000000,2021-01-01 00:00:00.000000,2021-08-09 16:28:22.368953,
72,DY-26,DY-26-24,698,746.0,698,746.0,,,dirham,1.0,Dimashq,2021-01-01 00:00:00.000000,2021-01-01 00:00:00.000000,2021-08-09 16:28:22.368953,Date misread by Mateu y Llopis as 77H
73,DY-26,DY-26-25,698,698.0,698,698.0,,,dirham,2.0,Dimashq,2021-01-01 00:00:00.000000,2021-01-01 00:00:00.000000,2021-08-09 16:28:22.368953,
74,DY-26,DY-26-26,699,699.0,699,699.0,,,dirham,1.0,Dimashq,2021-01-01 00:00:00.000000,2021-01-01 00:00:00.000000,2021-08-09 16:28:22.368953,
75,DY-26,DY-26-27,702,702.0,702,702.0,,,dirham,1.0,Dimashq,2021-01-01 00:00:00.000000,2021-01-01 00:00:00.000000,2021-08-09 16:28:22.368953,
76,DY-26,DY-26-28,705,705.0,705,705.0,,,dirham,2.0,Dimashq,2021-01-01 00:00:00.000000,2021-01-01 00:00:00.000000,2021-08-09 16:28:22.368953,
77,DY-26,DY-26-29,706,706.0,706,706.0,,,dirham,2.0,Dimashq,2021-01-01 00:00:00.000000,2021-01-01 00:00:00.000000,2021-08-09 16:28:22.368953,
78,DY-26,DY-26-30,708,708.0,708,708.0,,,dirham,2.0,Dimashq,2021-01-01 00:00:00.000000,2021-01-01 00:00:00.000000,2021-08-09 16:28:22.368953,
79,DY-26,DY-26-31,712,712.0,712,712.0,,,dirham,1.0,Dimashq,2021-01-01 00:00:00.000000,2021-01-01 00:00:00.000000,2021-08-09 16:28:22.368953,
80,DY-26,DY-26-32,715,715.0,715,715.0,,,dirham,1.0,Dimashq,2021-01-01 00:00:00.000000,2021-01-01 00:00:00.000000,2021-08-09 16:28:22.368953,
81,DY-26,DY-26-33,716,716.0,716,716.0,,,dirham,2.0,Dimashq,2021-01-01 00:00:00.000000,2021-01-01 00:00:00.000000,2021-08-09 16:28:22.368953,
82,DY-26,DY-26-34,718,718.0,718,718.0,,,dirham,1.0,Dimashq,2021-01-01 00:00:00.000000,2021-01-01 00:00:00.000000,2021-08-09 16:28:22.368953,
83,DY-26,DY-26-35,719,719.0,719,719.0,,,dirham,2.0,Dimashq,2021-01-01 00:00:00.000000,2021-01-01 00:00:00.000000,2021-08-09 16:28:22.368953,
84,DY-26,DY-26-36,721,721.0,721,721.0,,,dirham,1.0,Dimashq,2021-01-01 00:00:00.000000,2021-01-01 00:00:00.000000,2021-08-09 16:28:22.368953,
85,DY-26,DY-26-37,731,731.0,731,731.0,,,dirham,1.0,Dimashq,2021-01-01 00:00:00.000000,2021-01-01 00:00:00.000000,2021-08-09 16:28:22.368953,
86,DY-26,DY-26-38,735,735.0,735,735.0,,,dirham,1.0,Dimashq,2021-01-01 00:00:00.000000,2021-01-01 00:00:00.000000,2021-08-09 16:28:22.368953,
87,DY-26,DY-26-39,699,699.0,699,699.0,,,dirham,1.0,al-Farāb?,2021-01-01 00:00:00.000000,2021-01-01 00:00:00.000000,2021-08-09 16:28:22.368953,
88,DY-26,DY-26-40,699,699.0,699,699.0,,,dirham,1.0,Fīl,2021-01-01 00:00:00.000000,2021-01-01 00:00:00.000000,2021-08-09 16:28:22.368953,
89,DY-26,DY-26-41,710,710.0,710,710.0,,,dirham,1.0,Hamadān (AH/AHM),2021-01-01 00:00:00.000000,2021-01-01 00:00:00.000000,2021-08-09 16:28:22.368953,
90,DY-26,DY-26-42,713,713.0,713,713.0,,,dirham,2.0,Hamadān (AH/AHM),2021-01-01 00:00:00.000000,2021-01-01 00:00:00.000000,2021-08-09 16:28:22.368953,
91,DY-26,DY-26-43,705,705.0,705,705.0,,,dirham,1.0,Iṣṭaḵr (ST/STHL),2021-01-01 00:00:00.000000,2021-01-01 00:00:00.000000,2021-08-09 16:28:22.368953,
92,DY-26,DY-26-44,713,713.0,713,713.0,,,dirham,1.0,Iṣṭaḵr (ST/STHL),2021-01-01 00:00:00.000000,2021-01-01 00:00:00.000000,2021-08-09 16:28:22.368953,
93,DY-26,DY-26-45,715,715.0,715,715.0,,,dirham,2.0,Iṣṭaḵr (ST/STHL),2021-01-01 00:00:00.000000,2021-01-01 00:00:00.000000,2021-08-09 16:28:22.368953,
94,DY-26,DY-26-46,717,717.0,717,717.0,,,dirham,1.0,Iṣṭaḵr (ST/STHL),2021-01-01 00:00:00.000000,2021-01-01 00:00:00.000000,2021-08-09 16:28:22.368953,
95,DY-26,DY-26-47,716,716.0,716,716.0,,,dirham,1.0,Ardašir-Xwarrah (ART),2021-01-01 00:00:00.000000,2021-01-01 00:00:00.000000,2021-08-09 16:28:22.368953,
96,DY-26,DY-26-48,717,717.0,717,717.0,,,dirham,2.0,Ardašir-Xwarrah (ART),2021-01-01 00:00:00.000000,2021-01-01 00:00:00.000000,2021-08-09 16:28:22.368953,
97,DY-26,DY-26-49,709,709.0,709,709.0,,,dirham,1.0,Kirmān,2021-01-01 00:00:00.000000,2021-01-01 00:00:00.000000,2021-08-09 16:28:22.368953,
98,DY-26,DY-26-50,713,713.0,713,713.0,,,dirham,1.0,Kirmān,2021-01-01 00:00:00.000000,2021-01-01 00:00:00.000000,2021-08-09 16:28:22.368953,
99,DY-26,DY-26-51,715,715.0,715,715.0,,,dirham,1.0,Kirmān,2021-01-01 00:00:00.000000,2021-01-01 00:00:00.000000,2021-08-09 16:28:22.368953,
100,DY-26,DY-26-52,709,709.0,709,709.0,,,dirham,2.0,Unknown,2021-01-01 00:00:00.000000,2021-01-01 00:00:00.000000,2021-08-09 16:28:22.368953,
101,DY-26,DY-26-53,698,746.0,698,746.0,,,dirham,1.0,Marw (ML/MLWY/MRW),2021-01-01 00:00:00.000000,2021-01-01 00:00:00.000000,2021-08-09 16:28:22.368953,Date misread by Mateu y Llopis as 75H
102,DY-26,DY-26-54,699,699.0,699,699.0,,,dirham,1.0,Marw (ML/MLWY/MRW),2021-01-01 00:00:00.000000,2021-01-01 00:00:00.000000,2021-08-09 16:28:22.368953,
103,DY-26,DY-26-55,700,700.0,700,700.0,,,dirham,2.0,Marw (ML/MLWY/MRW),2021-01-01 00:00:00.000000,2021-01-01 00:00:00.000000,2021-08-09 16:28:22.368953,
104,DY-26,DY-26-56,705,705.0,705,705.0,,,dirham,1.0,Marw (ML/MLWY/MRW),2021-01-01 00:00:00.000000,2021-01-01 00:00:00.000000,2021-08-09 16:28:22.368953,
105,DY-26,DY-26-57,710,710.0,710,710.0,,,dirham,1.0,Marw (ML/MLWY/MRW),2021-01-01 00:00:00.000000,2021-01-01 00:00:00.000000,2021-08-09 16:28:22.368953,
106,DY-26,DY-26-58,714,714.0,714,714.0,,,dirham,1.0,Marw (ML/MLWY/MRW),2021-01-01 00:00:00.000000,2021-01-01 00:00:00.000000,2021-08-09 16:28:22.368953,
107,DY-26,DY-26-59,708,708.0,708,708.0,,,dirham,1.0,Maysān (MY),2021-01-01 00:00:00.000000,2021-01-01 00:00:00.000000,2021-08-09 16:28:22.368953,
108,DY-26,DY-26-60,719,719.0,719,719.0,,,dirham,1.0,al-Mubaraka,2021-01-01 00:00:00.000000,2021-01-01 00:00:00.000000,2021-08-09 16:28:22.368953,
109,DY-26,DY-26-61,737,737.0,737,737.0,,,dirham,1.0,al-Mubaraka,2021-01-01 00:00:00.000000,2021-01-01 00:00:00.000000,2021-08-09 16:28:22.368953,
110,DY-26,DY-26-62,698,698.0,698,698.0,,,dirham,1.0,Ram-Hormozd (LAM),2021-01-01 00:00:00.000000,2021-01-01 00:00:00.000000,2021-08-09 16:28:22.368953,
111,DY-26,DY-26-63,709,709.0,709,709.0,,,dirham,1.0,Ram-Hormozd (LAM),2021-01-01 00:00:00.000000,2021-01-01 00:00:00.000000,2021-08-09 16:28:22.368953,
112,DY-26,DY-26-64,715,715.0,715,715.0,,,dirham,1.0,Ram-Hormozd (LAM),2021-01-01 00:00:00.000000,2021-01-01 00:00:00.000000,2021-08-09 16:28:22.368953,
113,DY-26,DY-26-65,703,703.0,703,703.0,,,dirham,1.0,Bīšāpūr (BYŠ/BŠHP/BŠHPW),2021-01-01 00:00:00.000000,2021-01-01 00:00:00.000000,2021-08-09 16:28:22.368953,
114,DY-26,DY-26-66,717,717.0,717,717.0,,,dirham,1.0,Bīšāpūr (BYŠ/BŠHP/BŠHPW),2021-01-01 00:00:00.000000,2021-01-01 00:00:00.000000,2021-08-09 16:28:22.368953,
115,DY-26,DY-26-67,698,698.0,698,698.0,,,dirham,1.0,al-Taymara,2021-01-01 00:00:00.000000,2021-01-01 00:00:00.000000,2021-08-09 16:28:22.368953,
116,DY-26,DY-26-68,710,710.0,710,710.0,,,dirham,1.0,al-Taymara,2021-01-01 00:00:00.000000,2021-01-01 00:00:00.000000,2021-08-09 16:28:22.368953,
117,DY-26,DY-26-69,703,703.0,703,703.0,,,dirham,2.0,Wasit,2021-01-01 00:00:00.000000,2021-01-01 00:00:00.000000,2021-08-09 16:28:22.368953,
118,DY-26,DY-26-70,704,704.0,704,704.0,,,dirham,7.0,Wasit,2021-01-01 00:00:00.000000,2021-01-01 00:00:00.000000,2021-08-09 16:28:22.368953,
119,DY-26,DY-26-71,706,706.0,706,706.0,,,dirham,9.0,Wasit,2021-01-01 00:00:00.000000,2021-01-01 00:00:00.000000,2021-08-09 16:28:22.368953,
120,DY-26,DY-26-72,707,707.0,707,707.0,,,dirham,2.0,Wasit,2021-01-01 00:00:00.000000,2021-01-01 00:00:00.000000,2021-08-09 16:28:22.368953,
121,DY-26,DY-26-73,708,708.0,708,708.0,,,dirham,7.0,Wasit,2021-01-01 00:00:00.000000,2021-01-01 00:00:00.000000,2021-08-09 16:28:22.368953,
122,DY-26,DY-26-74,709,709.0,709,709.0,,,dirham,2.0,Wasit,2021-01-01 00:00:00.000000,2021-01-01 00:00:00.000000,2021-08-09 16:28:22.368953,
123,DY-26,DY-26-75,710,710.0,710,710.0,,,dirham,4.0,Wasit,2021-01-01 00:00:00.000000,2021-01-01 00:00:00.000000,2021-08-09 16:28:22.368953,
124,DY-26,DY-26-76,711,711.0,711,711.0,,,dirham,1.0,Wasit,2021-01-01 00:00:00.000000,2021-01-01 00:00:00.000000,2021-08-09 16:28:22.368953,
125,DY-26,DY-26-77,712,712.0,712,712.0,,,dirham,2.0,Wasit,2021-01-01 00:00:00.000000,2021-01-01 00:00:00.000000,2021-08-09 16:28:22.368953,
126,DY-26,DY-26-78,713,713.0,713,713.0,,,dirham,5.0,Wasit,2021-01-01 00:00:00.000000,2021-01-01 00:00:00.000000,2021-08-09 16:28:22.368953,
127,DY-26,DY-26-79,714,714.0,714,714.0,,,dirham,5.0,Wasit,2021-01-01 00:00:00.000000,2021-01-01 00:00:00.000000,2021-08-09 16:28:22.368953,
128,DY-26,DY-26-80,716,716.0,716,716.0,,,dirham,5.0,Wasit,2021-01-01 00:00:00.000000,2021-01-01 00:00:00.000000,2021-08-09 16:28:22.368953,
129,DY-26,DY-26-81,718,718.0,718,718.0,,,dirham,4.0,Wasit,2021-01-01 00:00:00.000000,2021-01-01 00:00:00.000000,2021-08-09 16:28:22.368953,
130,DY-26,DY-26-82,720,720.0,720,720.0,,,dirham,1.0,Wasit,2021-01-01 00:00:00.000000,2021-01-01 00:00:00.000000,2021-08-09 16:28:22.368953,
131,DY-26,DY-26-83,721,721.0,721,721.0,,,dirham,1.0,Wasit,2021-01-01 00:00:00.000000,2021-01-01 00:00:00.000000,2021-08-09 16:28:22.368953,
132,DY-26,DY-26-84,722,722.0,722,722.0,,,dirham,1.0,Wasit,2021-01-01 00:00:00.000000,2021-01-01 00:00:00.000000,2021-08-09 16:28:22.368953,
133,DY-26,DY-26-85,723,723.0,723,723.0,,,dirham,2.0,Wasit,2021-01-01 00:00:00.000000,2021-01-01 00:00:00.000000,2021-08-09 16:28:22.368953,
134,DY-26,DY-26-86,725,725.0,725,725.0,,,dirham,2.0,Wasit,2021-01-01 00:00:00.000000,2021-01-01 00:00:00.000000,2021-08-09 16:28:22.368953,
135,DY-26,DY-26-87,726,726.0,726,726.0,,,dirham,3.0,Wasit,2021-01-01 00:00:00.000000,2021-01-01 00:00:00.000000,2021-08-09 16:28:22.368953,
136,DY-26,DY-26-88,728,728.0,728,728.0,,,dirham,1.0,Wasit,2021-01-01 00:00:00.000000,2021-01-01 00:00:00.000000,2021-08-09 16:28:22.368953,
137,DY-26,DY-26-89,735,735.0,735,735.0,,,dirham,1.0,Wasit,2021-01-01 00:00:00.000000,2021-01-01 00:00:00.000000,2021-08-09 16:28:22.368953,
138,DY-26,DY-26-90,741,741.0,741,741.0,,,dirham,1.0,Wasit,2021-01-01 00:00:00.000000,2021-01-01 00:00:00.000000,2021-08-09 16:28:22.368953,
139,DY-26,DY-26-91,742,742.0,742,742.0,,,dirham,1.0,Wasit,2021-01-01 00:00:00.000000,2021-01-01 00:00:00.000000,2021-08-09 16:28:22.368953,
140,DY-26,DY-26-92,743,743.0,743,743.0,,,dirham,4.0,Wasit,2021-01-01 00:00:00.000000,2021-01-01 00:00:00.000000,2021-08-09 16:28:22.368953,
141,DY-26,DY-26-93,746,746.0,746,746.0,,,dirham,1.0,Wasit,2021-01-01 00:00:00.000000,2021-01-01 00:00:00.000000,2021-08-09 16:28:22.368953,
142,DY-26,DY-26-94,700,700.0,700,700.0,,,dirham,1.0,Unknown,2021-01-01 00:00:00.000000,2021-01-01 00:00:00.000000,2021-08-09 16:28:22.368953,
143,DY-26,DY-26-95,713,713.0,713,713.0,,,dirham,2.0,Unknown,2021-01-01 00:00:00.000000,2021-01-01 00:00:00.000000,2021-08-09 16:28:22.368953,
144,DY-26,DY-26-96,698,698.0,698,698.0,,,dirham,1.0,Weh-Andiôk-Šāpūr (WH),2021-01-01 00:00:00.000000,2021-01-01 00:00:00.000000,2021-08-09 16:28:22.368953,
145,DY-26,DY-26-97,710,710.0,710,710.0,,,dirham,1.0,Weh-Andiôk-Šāpūr (WH),2021-01-01 00:00:00.000000,2021-01-01 00:00:00.000000,2021-08-09 16:28:22.368953,
146,DY-26,DY-26-98,722,722.0,722,722.0,,,dirham,1.0,Unknown,2021-01-01 00:00:00.000000,2021-01-01 00:00:00.000000,2021-08-09 16:28:22.368953,
147,DY-26,DY-26-99,731,731.0,731,731.0,,,dirham,2.0,Unknown,2021-01-01 00:00:00.000000,2021-01-01 00:00:00.000000,2021-08-09 16:28:22.368953,
148,DY-26,DY-26-100,732,732.0,732,732.0,,,dirham,2.0,Unknown,2021-01-01 00:00:00.000000,2021-01-01 00:00:00.000000,2021-08-09 16:28:22.368953,
149,DY-27,DY-27-1,714,714.0,714,714.0,,,dirham,1.0,Ardašir-Xwarrah (ART),2021-01-01 00:00:00.000000,2021-01-01 00:00:00.000000,2021-08-09 16:28:22.368953,
150,DY-27,DY-27-2,715,715.0,715,715.0,,,dirham,2.0,Iṣṭaḵr (ST/STHL),2021-01-01 00:00:00.000000,2021-01-01 00:00:00.000000,2021-08-09 16:28:22.368953,
151,DY-27,DY-27-3,716,716.0,716,716.0,,,dirham,1.0,Iṣṭaḵr (ST/STHL),2021-01-01 00:00:00.000000,2021-01-01 00:00:00.000000,2021-08-09 16:28:22.368953,
152,DY-27,DY-27-4,721,721.0,721,721.0,,,dirham,2.0,al-Qayrawan,2021-01-01 00:00:00.000000,2021-01-01 00:00:00.000000,2021-08-09 16:28:22.368953,
153,DY-27,DY-27-5,722,722.0,722,722.0,,,dirham,1.0,al-Qayrawan,2021-01-01 00:00:00.000000,2021-01-01 00:00:00.000000,2021-08-09 16:28:22.368953,
154,DY-27,DY-27-6,723,723.0,723,723.0,,,dirham,1.0,al-Qayrawan,2021-01-01 00:00:00.000000,2021-01-01 00:00:00.000000,2021-08-09 16:28:22.368953,
155,DY-27,DY-27-7,728,728.0,728,728.0,,,dirham,1.0,al-Qayrawan,2021-01-01 00:00:00.000000,2021-01-01 00:00:00.000000,2021-08-09 16:28:22.368953,
156,DY-27,DY-27-8,732,732.0,732,732.0,,,dirham,2.0,al-Qayrawan,2021-01-01 00:00:00.000000,2021-01-01 00:00:00.000000,2021-08-09 16:28:22.368953,
157,DY-27,DY-27-9,724,724.0,724,724.0,,,dirham,1.0,Cordoba,2021-01-01 00:00:00.000000,2021-01-01 00:00:00.000000,2021-08-09 16:28:22.368953,
158,DY-27,DY-27-10,726,726.0,726,726.0,,,dirham,1.0,Cordoba,2021-01-01 00:00:00.000000,2021-01-01 00:00:00.000000,2021-08-09 16:28:22.368953,
159,DY-27,DY-27-11,728,728.0,728,728.0,,,dirham,1.0,Cordoba,2021-01-01 00:00:00.000000,2021-01-01 00:00:00.000000,2021-08-09 16:28:22.368953,
160,DY-27,DY-27-12,729,729.0,729,729.0,,,dirham,2.0,Cordoba,2021-01-01 00:00:00.000000,2021-01-01 00:00:00.000000,2021-08-09 16:28:22.368953,
161,DY-27,DY-27-13,732,732.0,732,732.0,,,dirham,2.0,Cordoba,2021-01-01 00:00:00.000000,2021-01-01 00:00:00.000000,2021-08-09 16:28:22.368953,
162,DY-27,DY-27-14,733,733.0,733,733.0,,,dirham,1.0,Cordoba,2021-01-01 00:00:00.000000,2021-01-01 00:00:00.000000,2021-08-09 16:28:22.368953,
163,DY-27,DY-27-15,734,734.0,734,734.0,,,dirham,5.0,Cordoba,2021-01-01 00:00:00.000000,2021-01-01 00:00:00.000000,2021-08-09 16:28:22.368953,
164,DY-27,DY-27-16,735,735.0,735,735.0,,,dirham,2.0,Cordoba,2021-01-01 00:00:00.000000,2021-01-01 00:00:00.000000,2021-08-09 16:28:22.368953,
165,DY-27,DY-27-17,747,747.0,747,747.0,,,dirham,6.0,Cordoba,2021-01-01 00:00:00.000000,2021-01-01 00:00:00.000000,2021-08-09 16:28:22.368953,
166,DY-27,DY-27-18,749,749.0,749,749.0,,,dirham,1.0,Cordoba,2021-01-01 00:00:00.000000,2021-01-01 00:00:00.000000,2021-08-09 16:28:22.368953,
167,DY-27,DY-27-19,753,753.0,753,753.0,,,dirham,7.0,Cordoba,2021-01-01 00:00:00.000000,2021-01-01 00:00:00.000000,2021-08-09 16:28:22.368953,
168,DY-27,DY-27-20,721,753.0,721,753.0,,,dirham,3.0,Cordoba,2021-01-01 00:00:00.000000,2021-01-01 00:00:00.000000,2021-08-09 16:28:22.368953,fragmentary; date not readable
169,DY-27,DY-27-21,698,698.0,698,698.0,,,dirham,1.0,Al-Baṣra,2021-01-01 00:00:00.000000,2021-01-01 00:00:00.000000,2021-08-09 16:28:22.368953,
170,DY-27,DY-27-22,719,719.0,719,719.0,,,dirham,2.0,Al-Baṣra,2021-01-01 00:00:00.000000,2021-01-01 00:00:00.000000,2021-08-09 16:28:22.368953,
171,DY-27,DY-27-23,710,710.0,710,710.0,,,dirham,1.0,al-Taymara,2021-01-01 00:00:00.000000,2021-01-01 00:00:00.000000,2021-08-09 16:28:22.368953,
172,DY-27,DY-27-24,711,711.0,711,711.0,,,dirham,1.0,al-Taymara,2021-01-01 00:00:00.000000,2021-01-01 00:00:00.000000,2021-08-09 16:28:22.368953,
173,DY-27,DY-27-25,712,712.0,712,712.0,,,dirham,1.0,Gay (GD),2021-01-01 00:00:00.000000,2021-01-01 00:00:00.000000,2021-08-09 16:28:22.368953,
174,DY-27,DY-27-26,713,713.0,713,713.0,,,dirham,1.0,Gay (GD),2021-01-01 00:00:00.000000,2021-01-01 00:00:00.000000,2021-08-09 16:28:22.368953,
175,DY-27,DY-27-27,710,710.0,710,710.0,,,dirham,1.0,Darabgird (DA),2021-01-01 00:00:00.000000,2021-01-01 00:00:00.000000,2021-08-09 16:28:22.368953,
176,DY-27,DY-27-28,711,711.0,711,711.0,,,dirham,1.0,Darabgird (DA),2021-01-01 00:00:00.000000,2021-01-01 00:00:00.000000,2021-08-09 16:28:22.368953,
177,DY-27,DY-27-29,712,712.0,712,712.0,,,dirham,1.0,Darabgird (DA),2021-01-01 00:00:00.000000,2021-01-01 00:00:00.000000,2021-08-09 16:28:22.368953,
178,DY-27,DY-27-30,716,716.0,716,716.0,,,dirham,1.0,Darabgird (DA),2021-01-01 00:00:00.000000,2021-01-01 00:00:00.000000,2021-08-09 16:28:22.368953,
179,DY-27,DY-27-31,712,712.0,712,712.0,,,dirham,1.0,Dastawa,2021-01-01 00:00:00.000000,2021-01-01 00:00:00.000000,2021-08-09 16:28:22.368953,
180,DY-27,DY-27-32,698,698.0,698,698.0,,,dirham,1.0,Dimashq,2021-01-01 00:00:00.000000,2021-01-01 00:00:00.000000,2021-08-09 16:28:22.368953,
181,DY-27,DY-27-33,702,702.0,702,702.0,,,dirham,1.0,Dimashq,2021-01-01 00:00:00.000000,2021-01-01 00:00:00.000000,2021-08-09 16:28:22.368953,
182,DY-27,DY-27-34,703,703.0,703,703.0,,,dirham,3.0,Dimashq,2021-01-01 00:00:00.000000,2021-01-01 00:00:00.000000,2021-08-09 16:28:22.368953,
183,DY-27,DY-27-35,708,708.0,708,708.0,,,dirham,1.0,Dimashq,2021-01-01 00:00:00.000000,2021-01-01 00:00:00.000000,2021-08-09 16:28:22.368953,
184,DY-27,DY-27-36,709,709.0,709,709.0,,,dirham,1.0,Dimashq,2021-01-01 00:00:00.000000,2021-01-01 00:00:00.000000,2021-08-09 16:28:22.368953,
185,DY-27,DY-27-37,710,710.0,710,710.0,,,dirham,1.0,Dimashq,2021-01-01 00:00:00.000000,2021-01-01 00:00:00.000000,2021-08-09 16:28:22.368953,
186,DY-27,DY-27-38,711,711.0,711,711.0,,,dirham,1.0,Dimashq,2021-01-01 00:00:00.000000,2021-01-01 00:00:00.000000,2021-08-09 16:28:22.368953,
187,DY-27,DY-27-39,715,715.0,715,715.0,,,dirham,1.0,Dimashq,2021-01-01 00:00:00.000000,2021-01-01 00:00:00.000000,2021-08-09 16:28:22.368953,
188,DY-27,DY-27-40,716,716.0,716,716.0,,,dirham,1.0,Dimashq,2021-01-01 00:00:00.000000,2021-01-01 00:00:00.000000,2021-08-09 16:28:22.368953,
189,DY-27,DY-27-41,729,729.0,729,729.0,,,dirham,2.0,Dimashq,2021-01-01 00:00:00.000000,2021-01-01 00:00:00.000000,2021-08-09 16:28:22.368953,
190,DY-27,DY-27-42,731,731.0,731,731.0,,,dirham,1.0,Dimashq,2021-01-01 00:00:00.000000,2021-01-01 00:00:00.000000,2021-08-09 16:28:22.368953,
191,DY-27,DY-27-43,699,699.0,699,699.0,,,dirham,1.0,Ram-Hormozd (LAM),2021-01-01 00:00:00.000000,2021-01-01 00:00:00.000000,2021-08-09 16:28:22.368953,
192,DY-27,DY-27-44,700,700.0,700,700.0,,,dirham,1.0,Bīšāpūr (BYŠ/BŠHP/BŠHPW),2021-01-01 00:00:00.000000,2021-01-01 00:00:00.000000,2021-08-09 16:28:22.368953,
193,DY-27,DY-27-45,711,711.0,711,711.0,,,dirham,1.0,Bīšāpūr (BYŠ/BŠHP/BŠHPW),2021-01-01 00:00:00.000000,2021-01-01 00:00:00.000000,2021-08-09 16:28:22.368953,
194,DY-27,DY-27-46,715,715.0,715,715.0,,,dirham,1.0,Bīšāpūr (BYŠ/BŠHP/BŠHPW),2021-01-01 00:00:00.000000,2021-01-01 00:00:00.000000,2021-08-09 16:28:22.368953,
195,DY-27,DY-27-47,709,709.0,709,709.0,,,dirham,1.0,Sīstān (SK/SKSTN),2021-01-01 00:00:00.000000,2021-01-01 00:00:00.000000,2021-08-09 16:28:22.368953,
196,DY-27,DY-27-48,711,711.0,711,711.0,,,dirham,1.0,Sarkhas (KH),2021-01-01 00:00:00.000000,2021-01-01 00:00:00.000000,2021-08-09 16:28:22.368953,
197,DY-27,DY-27-49,698,741.0,698,741.0,,,dirham,1.0,Hormozd-Ardašir (AW/AWH),2021-01-01 00:00:00.000000,2021-01-01 00:00:00.000000,2021-08-09 16:28:22.368953,fragment; date not readable
198,DY-27,DY-27-50,712,712.0,712,712.0,,,dirham,1.0,Qumis,2021-01-01 00:00:00.000000,2021-01-01 00:00:00.000000,2021-08-09 16:28:22.368953,
199,DY-27,DY-27-51,721,721.0,721,721.0,,,dirham,1.0,Kirmān,2021-01-01 00:00:00.000000,2021-01-01 00:00:00.000000,2021-08-09 16:28:22.368953,
200,DY-27,DY-27-52,709,709.0,709,709.0,,,dirham,1.0,Mahay,2021-01-01 00:00:00.000000,2021-01-01 00:00:00.000000,2021-08-09 16:28:22.368953,
201,DY-27,DY-27-53,714,714.0,714,714.0,,,dirham,1.0,Mahay,2021-01-01 00:00:00.000000,2021-01-01 00:00:00.000000,2021-08-09 16:28:22.368953,
202,DY-27,DY-27-54,699,699.0,699,699.0,,,dirham,1.0,Marw (ML/MLWY/MRW),2021-01-01 00:00:00.000000,2021-01-01 00:00:00.000000,2021-08-09 16:28:22.368953,
203,DY-27,DY-27-55,710,710.0,710,710.0,,,dirham,1.0,Marw (ML/MLWY/MRW),2021-01-01 00:00:00.000000,2021-01-01 00:00:00.000000,2021-08-09 16:28:22.368953,
204,DY-27,DY-27-56,720,720.0,720,720.0,,,dirham,1.0,Marw (ML/MLWY/MRW),2021-01-01 00:00:00.000000,2021-01-01 00:00:00.000000,2021-08-09 16:28:22.368953,
205,DY-27,DY-27-57,699,699.0,699,699.0,,,dirham,1.0,Manadhir,2021-01-01 00:00:00.000000,2021-01-01 00:00:00.000000,2021-08-09 16:28:22.368953,
206,DY-27,DY-27-58,699,699.0,699,699.0,,,dirham,1.0,Hamadān (AH/AHM),2021-01-01 00:00:00.000000,2021-01-01 00:00:00.000000,2021-08-09 16:28:22.368953,
207,DY-27,DY-27-59,703,703.0,703,703.0,,,dirham,3.0,Wasit,2021-01-01 00:00:00.000000,2021-01-01 00:00:00.000000,2021-08-09 16:28:22.368953,
208,DY-27,DY-27-60,704,704.0,704,704.0,,,dirham,3.0,Wasit,2021-01-01 00:00:00.000000,2021-01-01 00:00:00.000000,2021-08-09 16:28:22.368953,
209,DY-27,DY-27-61,705,705.0,705,705.0,,,dirham,7.0,Wasit,2021-01-01 00:00:00.000000,2021-01-01 00:00:00.000000,2021-08-09 16:28:22.368953,
210,DY-27,DY-27-62,706,706.0,706,706.0,,,dirham,1.0,Wasit,2021-01-01 00:00:00.000000,2021-01-01 00:00:00.000000,2021-08-09 16:28:22.368953,
211,DY-27,DY-27-63,708,708.0,708,708.0,,,dirham,2.0,Wasit,2021-01-01 00:00:00.000000,2021-01-01 00:00:00.000000,2021-08-09 16:28:22.368953,
212,DY-27,DY-27-64,709,709.0,709,709.0,,,dirham,2.0,Wasit,2021-01-01 00:00:00.000000,2021-01-01 00:00:00.000000,2021-08-09 16:28:22.368953,
213,DY-27,DY-27-65,710,710.0,710,710.0,,,dirham,1.0,Wasit,2021-01-01 00:00:00.000000,2021-01-01 00:00:00.000000,2021-08-09 16:28:22.368953,
214,DY-27,DY-27-66,711,711.0,711,711.0,,,dirham,3.0,Wasit,2021-01-01 00:00:00.000000,2021-01-01 00:00:00.000000,2021-08-09 16:28:22.368953,
215,DY-27,DY-27-67,712,712.0,712,712.0,,,dirham,4.0,Wasit,2021-01-01 00:00:00.000000,2021-01-01 00:00:00.000000,2021-08-09 16:28:22.368953,
216,DY-27,DY-27-68,713,713.0,713,713.0,,,dirham,4.0,Wasit,2021-01-01 00:00:00.000000,2021-01-01 00:00:00.000000,2021-08-09 16:28:22.368953,
217,DY-27,DY-27-69,714,714.0,714,714.0,,,dirham,3.0,Wasit,2021-01-01 00:00:00.000000,2021-01-01 00:00:00.000000,2021-08-09 16:28:22.368953,
218,DY-27,DY-27-70,715,715.0,715,715.0,,,dirham,1.0,Wasit,2021-01-01 00:00:00.000000,2021-01-01 00:00:00.000000,2021-08-09 16:28:22.368953,
219,DY-27,DY-27-71,717,717.0,717,717.0,,,dirham,1.0,Wasit,2021-01-01 00:00:00.000000,2021-01-01 00:00:00.000000,2021-08-09 16:28:22.368953,
220,DY-27,DY-27-72,718,718.0,718,718.0,,,dirham,3.0,Wasit,2021-01-01 00:00:00.000000,2021-01-01 00:00:00.000000,2021-08-09 16:28:22.368953,
221,DY-27,DY-27-73,723,723.0,723,723.0,,,dirham,1.0,Wasit,2021-01-01 00:00:00.000000,2021-01-01 00:00:00.000000,2021-08-09 16:28:22.368953,
222,DY-27,DY-27-74,726,726.0,726,726.0,,,dirham,2.0,Wasit,2021-01-01 00:00:00.000000,2021-01-01 00:00:00.000000,2021-08-09 16:28:22.368953,
223,DY-27,DY-27-75,727,727.0,727,727.0,,,dirham,2.0,Wasit,2021-01-01 00:00:00.000000,2021-01-01 00:00:00.000000,2021-08-09 16:28:22.368953,
224,DY-27,DY-27-76,728,728.0,728,728.0,,,dirham,1.0,Wasit,2021-01-01 00:00:00.000000,2021-01-01 00:00:00.000000,2021-08-09 16:28:22.368953,
225,DY-27,DY-27-77,729,729.0,729,729.0,,,dirham,2.0,Wasit,2021-01-01 00:00:00.000000,2021-01-01 00:00:00.000000,2021-08-09 16:28:22.368953,
226,DY-27,DY-27-78,730,730.0,730,730.0,,,dirham,1.0,Wasit,2021-01-01 00:00:00.000000,2021-01-01 00:00:00.000000,2021-08-09 16:28:22.368953,
227,DY-27,DY-27-79,731,731.0,731,731.0,,,dirham,1.0,Wasit,2021-01-01 00:00:00.000000,2021-01-01 00:00:00.000000,2021-08-09 16:28:22.368953,
228,DY-27,DY-27-80,732,732.0,732,732.0,,,dirham,1.0,Wasit,2021-01-01 00:00:00.000000,2021-01-01 00:00:00.000000,2021-08-09 16:28:22.368953,
229,DY-27,DY-27-81,735,735.0,735,735.0,,,dirham,1.0,Wasit,2021-01-01 00:00:00.000000,2021-01-01 00:00:00.000000,2021-08-09 16:28:22.368953,
230,DY-27,DY-27-82,736,736.0,736,736.0,,,dirham,1.0,Wasit,2021-01-01 00:00:00.000000,2021-01-01 00:00:00.000000,2021-08-09 16:28:22.368953,
231,DY-27,DY-27-83,738,738.0,738,738.0,,,dirham,2.0,Wasit,2021-01-01 00:00:00.000000,2021-01-01 00:00:00.000000,2021-08-09 16:28:22.368953,
232,DY-27,DY-27-84,739,739.0,739,739.0,,,dirham,2.0,Wasit,2021-01-01 00:00:00.000000,2021-01-01 00:00:00.000000,2021-08-09 16:28:22.368953,
233,DY-27,DY-27-85,740,740.0,740,740.0,,,dirham,1.0,Wasit,2021-01-01 00:00:00.000000,2021-01-01 00:00:00.000000,2021-08-09 16:28:22.368953,
234,DY-27,DY-27-86,741,741.0,741,741.0,,,dirham,1.0,Wasit,2021-01-01 00:00:00.000000,2021-01-01 00:00:00.000000,2021-08-09 16:28:22.368953,
235,DY-27,DY-27-87,711,711.0,711,711.0,,,dirham,2.0,Unknown,2021-01-01 00:00:00.000000,2021-01-01 00:00:00.000000,2021-08-09 16:28:22.368953,
236,DY-27,DY-27-88,698,741.0,698,741.0,,,dirham,2.0,Unknown,2021-01-01 00:00:00.000000,2021-01-01 00:00:00.000000,2021-08-09 16:28:22.368953,Unreadable fragments
237,DY-28,DY-28-1,705,705.0,705,705.0,,,dirham,1.0,Wasit,2021-01-01 00:00:00.000000,2021-01-01 00:00:00.000000,2021-08-09 16:28:22.368953,
238,DY-28,DY-28-2,699,733.0,699,733.0,,,dirham,1.0,Dimashq,2021-01-01 00:00:00.000000,2021-01-01 00:00:00.000000,2021-08-09 16:28:22.368953,Date partially unreadable; may be 80 or something post-86 ending in 5.
239,DY-28,DY-28-3,710,710.0,710,710.0,,,dirham,1.0,Wasit,2021-01-01 00:00:00.000000,2021-01-01 00:00:00.000000,2021-08-09 16:28:22.368953,
240,DY-28,DY-28-4,717,717.0,717,717.0,,,dirham,1.0,Kirmān,2021-01-01 00:00:00.000000,2021-01-01 00:00:00.000000,2021-08-09 16:28:22.368953,
241,DY-28,DY-28-5,719,719.0,719,719.0,,,dirham,1.0,Al-Baṣra,2021-01-01 00:00:00.000000,2021-01-01 00:00:00.000000,2021-08-09 16:28:22.368953,
242,DY-28,DY-28-6,732,732.0,732,732.0,,,dirham,1.0,Wasit,2021-01-01 00:00:00.000000,2021-01-01 00:00:00.000000,2021-08-09 16:28:22.368953,
243,DY-29,DY-29-1,709,709.0,709,709.0,,,dirham,1.0,Wasit,2021-01-01 00:00:00.000000,2021-01-01 00:00:00.000000,2021-08-09 16:28:22.368953,
244,DY-29,DY-29-2,723,723.0,723,723.0,,,dirham,1.0,Wasit,2021-01-01 00:00:00.000000,2021-01-01 00:00:00.000000,2021-08-09 16:28:22.368953,
245,DY-29,DY-29-3,725,725.0,725,725.0,,,dirham,1.0,Wasit,2021-01-01 00:00:00.000000,2021-01-01 00:00:00.000000,2021-08-09 16:28:22.368953,
246,DY-29,DY-29-4,705,705.0,705,705.0,,,dirham,1.0,Dimashq,2021-01-01 00:00:00.000000,2021-01-01 00:00:00.000000,2021-08-09 16:28:22.368953,
247,DY-29,DY-29-5,718,718.0,718,718.0,,,dirham,1.0,Marw (ML/MLWY/MRW),2021-01-01 00:00:00.000000,2021-01-01 00:00:00.000000,2021-08-09 16:28:22.368953,
248,DY-30,DY-30-1,698,698.0,698,698.0,ʿAbd al-Malik b. Marwān,,dirham,1.0,Al-Baṣra,2021-01-01 00:00:00.000000,2021-01-01 00:00:00.000000,2021-08-09 16:28:22.368953,
249,DY-30,DY-30-2,698,698.0,698,698.0,ʿAbd al-Malik b. Marwān,,dirham,1.0,Dimashq,2021-01-01 00:00:00.000000,2021-01-01 00:00:00.000000,2021-08-09 16:28:22.368953,
250,DY-30,DY-30-3,705,705.0,705,705.0,Al-Walīd b. ʿAbd al-Malik,,dirham,1.0,Wasit,2021-01-01 00:00:00.000000,2021-01-01 00:00:00.000000,2021-08-09 16:28:22.368953,
251,DY-30,DY-30-4,710,710.0,710,710.0,Al-Walīd b. ʿAbd al-Malik,,dirham,1.0,Wasit,2021-01-01 00:00:00.000000,2021-01-01 00:00:00.000000,2021-08-09 16:28:22.368953,
252,DY-30,DY-30-5,710,710.0,710,710.0,Al-Walīd b. ʿAbd al-Malik,,dirham,1.0,Kirmān,2021-01-01 00:00:00.000000,2021-01-01 00:00:00.000000,2021-08-09 16:28:22.368953,
253,DY-30,DY-30-6,712,712.0,712,712.0,Al-Walīd b. ʿAbd al-Malik,,dirham,1.0,Kirmān,2021-01-01 00:00:00.000000,2021-01-01 00:00:00.000000,2021-08-09 16:28:22.368953,
254,DY-30,DY-30-7,712,712.0,712,712.0,Al-Walīd b. ʿAbd al-Malik,,dirham,1.0,Ram-Hormozd (LAM),2021-01-01 00:00:00.000000,2021-01-01 00:00:00.000000,2021-08-09 16:28:22.368953,
255,DY-30,DY-30-8,715,715.0,715,715.0,Sulaymān b. ʿAbd al-Malik,,dirham,1.0,Marw (ML/MLWY/MRW),2021-01-01 00:00:00.000000,2021-01-01 00:00:00.000000,2021-08-09 16:28:22.368953,
256,DY-30,DY-30-9,715,715.0,715,715.0,Sulaymān b. ʿAbd al-Malik,,dirham,1.0,Dimashq,2021-01-01 00:00:00.000000,2021-01-01 00:00:00.000000,2021-08-09 16:28:22.368953,
257,DY-30,DY-30-10,721,721.0,721,721.0,Yazīd b. ʿAbd al-Malik,,dirham,1.0,Dimashq,2021-01-01 00:00:00.000000,2021-01-01 00:00:00.000000,2021-08-09 16:28:22.368953,
258,DY-30,DY-30-11,721,721.0,721,721.0,Yazīd b. ʿAbd al-Malik,,dirham,1.0,Wasit,2021-01-01 00:00:00.000000,2021-01-01 00:00:00.000000,2021-08-09 16:28:22.368953,
259,DY-30,DY-30-12,721,721.0,721,721.0,Yazīd b. ʿAbd al-Malik,,dirham,1.0,Irminiya,2021-01-01 00:00:00.000000,2021-01-01 00:00:00.000000,2021-08-09 16:28:22.368953,
260,DY-30,DY-30-13,723,723.0,723,723.0,Hishām b. ʿAbd al-Malik,,dirham,1.0,Wasit,2021-01-01 00:00:00.000000,2021-01-01 00:00:00.000000,2021-08-09 16:28:22.368953,
261,DY-30,DY-30-14,733,733.0,733,733.0,,,dirham,1.0,Cordoba,2021-01-01 00:00:00.000000,2021-01-01 00:00:00.000000,2021-08-09 16:28:22.368953,
262,DY-31,DY-31-1,698,698.0,698,698.0,,,dirham,1.0,Bihqubadh (WYH),2021-01-01 00:00:00.000000,2021-01-01 00:00:00.000000,2021-08-09 16:28:22.368953,
263,DY-31,DY-31-2,698,698.0,698,698.0,,,dirham,1.0,Dimashq,2021-01-01 00:00:00.000000,2021-01-01 00:00:00.000000,2021-08-09 16:28:22.368953,
264,DY-31,DY-31-3,698,698.0,698,698.0,,,dirham,1.0,Al-Baṣra,2021-01-01 00:00:00.000000,2021-01-01 00:00:00.000000,2021-08-09 16:28:22.368953,
265,DY-31,DY-31-4,699,699.0,699,699.0,,,dirham,1.0,Al-Baṣra,2021-01-01 00:00:00.000000,2021-01-01 00:00:00.000000,2021-08-09 16:28:22.368953,
266,DY-31,DY-31-5,700,700.0,700,700.0,,,dirham,1.0,Al-Baṣra,2021-01-01 00:00:00.000000,2021-01-01 00:00:00.000000,2021-08-09 16:28:22.368953,
267,DY-31,DY-31-6,700,700.0,700,700.0,,,dirham,1.0,Bīšāpūr (BYŠ/BŠHP/BŠHPW),2021-01-01 00:00:00.000000,2021-01-01 00:00:00.000000,2021-08-09 16:28:22.368953,
268,DY-31,DY-31-7,700,700.0,700,700.0,,,dirham,1.0,Gay (GD),2021-01-01 00:00:00.000000,2021-01-01 00:00:00.000000,2021-08-09 16:28:22.368953,
269,DY-31,DY-31-8,701,701.0,701,701.0,,,dirham,1.0,Al-Baṣra,2021-01-01 00:00:00.000000,2021-01-01 00:00:00.000000,2021-08-09 16:28:22.368953,
270,DY-31,DY-31-9,703,703.0,703,703.0,,,dirham,1.0,Wasit,2021-01-01 00:00:00.000000,2021-01-01 00:00:00.000000,2021-08-09 16:28:22.368953,
271,DY-31,DY-31-10,704,704.0,704,704.0,,,dirham,2.0,Wasit,2021-01-01 00:00:00.000000,2021-01-01 00:00:00.000000,2021-08-09 16:28:22.368953,
272,DY-31,DY-31-11,705,705.0,705,705.0,,,dirham,1.0,Wasit,2021-01-01 00:00:00.000000,2021-01-01 00:00:00.000000,2021-08-09 16:28:22.368953,
273,DY-31,DY-31-12,705,705.0,705,705.0,,,dirham,1.0,Dimashq,2021-01-01 00:00:00.000000,2021-01-01 00:00:00.000000,2021-08-09 16:28:22.368953,
274,DY-31,DY-31-13,706,706.0,706,706.0,,,dirham,1.0,Dimashq,2021-01-01 00:00:00.000000,2021-01-01 00:00:00.000000,2021-08-09 16:28:22.368953,
275,DY-31,DY-31-14,706,706.0,706,706.0,,,dirham,1.0,Wasit,2021-01-01 00:00:00.000000,2021-01-01 00:00:00.000000,2021-08-09 16:28:22.368953,
276,DY-31,DY-31-15,707,707.0,707,707.0,,,dirham,1.0,Wasit,2021-01-01 00:00:00.000000,2021-01-01 00:00:00.000000,2021-08-09 16:28:22.368953,
277,DY-31,DY-31-16,708,708.0,708,708.0,,,dirham,1.0,Dimashq,2021-01-01 00:00:00.000000,2021-01-01 00:00:00.000000,2021-08-09 16:28:22.368953,
278,DY-31,DY-31-17,708,708.0,708,708.0,,,dirham,1.0,Wasit,2021-01-01 00:00:00.000000,2021-01-01 00:00:00.000000,2021-08-09 16:28:22.368953,
279,DY-31,DY-31-18,709,709.0,709,709.0,,,dirham,1.0,Wasit,2021-01-01 00:00:00.000000,2021-01-01 00:00:00.000000,2021-08-09 16:28:22.368953,
280,DY-31,DY-31-19,709,709.0,709,709.0,,,dirham,2.0,Dimashq,2021-01-01 00:00:00.000000,2021-01-01 00:00:00.000000,2021-08-09 16:28:22.368953,
281,DY-31,DY-31-20,709,709.0,709,709.0,,,dirham,1.0,Iṣṭaḵr (ST/STHL),2021-01-01 00:00:00.000000,2021-01-01 00:00:00.000000,2021-08-09 16:28:22.368953,
282,DY-31,DY-31-21,709,709.0,709,709.0,,,dirham,1.0,Eran-Xwarrah-Šāpūr (Susa) (AY/AYL/AYLAN),2021-01-01 00:00:00.000000,2021-01-01 00:00:00.000000,2021-08-09 16:28:22.368953,
283,DY-31,DY-31-22,709,709.0,709,709.0,,,dirham,1.0,Marw (ML/MLWY/MRW),2021-01-01 00:00:00.000000,2021-01-01 00:00:00.000000,2021-08-09 16:28:22.368953,
284,DY-31,DY-31-23,709,709.0,709,709.0,,,dirham,1.0,Mahay,2021-01-01 00:00:00.000000,2021-01-01 00:00:00.000000,2021-08-09 16:28:22.368953,
285,DY-31,DY-31-24,709,709.0,709,709.0,,,dirham,1.0,Darabgird (DA),2021-01-01 00:00:00.000000,2021-01-01 00:00:00.000000,2021-08-09 16:28:22.368953,
286,DY-31,DY-31-25,710,710.0,710,710.0,,,dirham,1.0,Marw (ML/MLWY/MRW),2021-01-01 00:00:00.000000,2021-01-01 00:00:00.000000,2021-08-09 16:28:22.368953,
287,DY-31,DY-31-26,710,710.0,710,710.0,,,dirham,1.0,Weh-Andiôk-Šāpūr (WH),2021-01-01 00:00:00.000000,2021-01-01 00:00:00.000000,2021-08-09 16:28:22.368953,
288,DY-31,DY-31-27,710,710.0,710,710.0,,,dirham,1.0,Iṣṭaḵr (ST/STHL),2021-01-01 00:00:00.000000,2021-01-01 00:00:00.000000,2021-08-09 16:28:22.368953,
289,DY-31,DY-31-28,710,710.0,710,710.0,,,dirham,1.0,Wasit,2021-01-01 00:00:00.000000,2021-01-01 00:00:00.000000,2021-08-09 16:28:22.368953,
290,DY-31,DY-31-29,711,711.0,711,711.0,,,dirham,1.0,Herat (HL/HLYDY),2021-01-01 00:00:00.000000,2021-01-01 00:00:00.000000,2021-08-09 16:28:22.368953,
291,DY-31,DY-31-30,711,711.0,711,711.0,,,dirham,2.0,Bīšāpūr (BYŠ/BŠHP/BŠHPW),2021-01-01 00:00:00.000000,2021-01-01 00:00:00.000000,2021-08-09 16:28:22.368953,
292,DY-31,DY-31-31,711,711.0,711,711.0,,,dirham,1.0,Marw (ML/MLWY/MRW),2021-01-01 00:00:00.000000,2021-01-01 00:00:00.000000,2021-08-09 16:28:22.368953,
293,DY-31,DY-31-32,711,711.0,711,711.0,,,dirham,1.0,Kirmān,2021-01-01 00:00:00.000000,2021-01-01 00:00:00.000000,2021-08-09 16:28:22.368953,
294,DY-31,DY-31-33,711,711.0,711,711.0,,,dirham,1.0,Darabgird (DA),2021-01-01 00:00:00.000000,2021-01-01 00:00:00.000000,2021-08-09 16:28:22.368953,
295,DY-31,DY-31-34,712,712.0,712,712.0,,,dirham,1.0,Wasit,2021-01-01 00:00:00.000000,2021-01-01 00:00:00.000000,2021-08-09 16:28:22.368953,
296,DY-31,DY-31-35,712,712.0,712,712.0,,,dirham,2.0,Marw (ML/MLWY/MRW),2021-01-01 00:00:00.000000,2021-01-01 00:00:00.000000,2021-08-09 16:28:22.368953,
297,DY-31,DY-31-36,712,712.0,712,712.0,,,dirham,1.0,Sarkhas (KH),2021-01-01 00:00:00.000000,2021-01-01 00:00:00.000000,2021-08-09 16:28:22.368953,
298,DY-31,DY-31-37,712,712.0,712,712.0,,,dirham,1.0,Herat (HL/HLYDY),2021-01-01 00:00:00.000000,2021-01-01 00:00:00.000000,2021-08-09 16:28:22.368953,
299,DY-31,DY-31-38,712,712.0,712,712.0,,,dirham,1.0,Darabgird (DA),2021-01-01 00:00:00.000000,2021-01-01 00:00:00.000000,2021-08-09 16:28:22.368953,
300,DY-31,DY-31-39,712,712.0,712,712.0,,,dirham,1.0,Bīšāpūr (BYŠ/BŠHP/BŠHPW),2021-01-01 00:00:00.000000,2021-01-01 00:00:00.000000,2021-08-09 16:28:22.368953,
301,DY-31,DY-31-40,713,713.0,713,713.0,,,dirham,1.0,Darabgird (DA),2021-01-01 00:00:00.000000,2021-01-01 00:00:00.000000,2021-08-09 16:28:22.368953,
302,DY-31,DY-31-41,713,713.0,713,713.0,,,dirham,2.0,Wasit,2021-01-01 00:00:00.000000,2021-01-01 00:00:00.000000,2021-08-09 16:28:22.368953,
303,DY-31,DY-31-42,713,713.0,713,713.0,,,dirham,1.0,Iṣṭaḵr (ST/STHL),2021-01-01 00:00:00.000000,2021-01-01 00:00:00.000000,2021-08-09 16:28:22.368953,
304,DY-31,DY-31-43,713,713.0,713,713.0,,,dirham,1.0,Dimashq,2021-01-01 00:00:00.000000,2021-01-01 00:00:00.000000,2021-08-09 16:28:22.368953,
305,DY-31,DY-31-44,713,713.0,713,713.0,,,dirham,1.0,Sīstān (SK/SKSTN),2021-01-01 00:00:00.000000,2021-01-01 00:00:00.000000,2021-08-09 16:28:22.368953,
306,DY-31,DY-31-45,714,714.0,714,714.0,,,dirham,1.0,Hamadān (AH/AHM),2021-01-01 00:00:00.000000,2021-01-01 00:00:00.000000,2021-08-09 16:28:22.368953,
307,DY-31,DY-31-46,714,714.0,714,714.0,,,dirham,1.0,Darabgird (DA),2021-01-01 00:00:00.000000,2021-01-01 00:00:00.000000,2021-08-09 16:28:22.368953,
308,DY-31,DY-31-47,714,714.0,714,714.0,,,dirham,1.0,Marw (ML/MLWY/MRW),2021-01-01 00:00:00.000000,2021-01-01 00:00:00.000000,2021-08-09 16:28:22.368953,
309,DY-31,DY-31-48,714,714.0,714,714.0,,,dirham,2.0,Sīstān (SK/SKSTN),2021-01-01 00:00:00.000000,2021-01-01 00:00:00.000000,2021-08-09 16:28:22.368953,
310,DY-31,DY-31-49,714,714.0,714,714.0,,,dirham,2.0,Wasit,2021-01-01 00:00:00.000000,2021-01-01 00:00:00.000000,2021-08-09 16:28:22.368953,
311,DY-31,DY-31-50,715,715.0,715,715.0,,,dirham,1.0,Bīšāpūr (BYŠ/BŠHP/BŠHPW),2021-01-01 00:00:00.000000,2021-01-01 00:00:00.000000,2021-08-09 16:28:22.368953,
312,DY-31,DY-31-51,715,715.0,715,715.0,,,dirham,1.0,Hamadān (AH/AHM),2021-01-01 00:00:00.000000,2021-01-01 00:00:00.000000,2021-08-09 16:28:22.368953,
313,DY-31,DY-31-52,715,715.0,715,715.0,,,dirham,1.0,Wasit,2021-01-01 00:00:00.000000,2021-01-01 00:00:00.000000,2021-08-09 16:28:22.368953,
314,DY-31,DY-31-53,715,715.0,715,715.0,,,dirham,1.0,Mahay,2021-01-01 00:00:00.000000,2021-01-01 00:00:00.000000,2021-08-09 16:28:22.368953,
315,DY-31,DY-31-54,715,715.0,715,715.0,,,dirham,1.0,Iṣṭaḵr (ST/STHL),2021-01-01 00:00:00.000000,2021-01-01 00:00:00.000000,2021-08-09 16:28:22.368953,
316,DY-31,DY-31-55,715,715.0,715,715.0,,,dirham,1.0,Darabgird (DA),2021-01-01 00:00:00.000000,2021-01-01 00:00:00.000000,2021-08-09 16:28:22.368953,
317,DY-31,DY-31-56,716,716.0,716,716.0,,,dirham,1.0,Ray (LD/LDY),2021-01-01 00:00:00.000000,2021-01-01 00:00:00.000000,2021-08-09 16:28:22.368953,
318,DY-31,DY-31-57,716,716.0,716,716.0,,,dirham,1.0,Ardašir-Xwarrah (ART),2021-01-01 00:00:00.000000,2021-01-01 00:00:00.000000,2021-08-09 16:28:22.368953,
319,DY-31,DY-31-58,716,716.0,716,716.0,,,dirham,1.0,Hamadān (AH/AHM),2021-01-01 00:00:00.000000,2021-01-01 00:00:00.000000,2021-08-09 16:28:22.368953,
320,DY-31,DY-31-59,716,716.0,716,716.0,,,dirham,1.0,Marw (ML/MLWY/MRW),2021-01-01 00:00:00.000000,2021-01-01 00:00:00.000000,2021-08-09 16:28:22.368953,
321,DY-31,DY-31-60,716,716.0,716,716.0,,,dirham,1.0,Wasit,2021-01-01 00:00:00.000000,2021-01-01 00:00:00.000000,2021-08-09 16:28:22.368953,
322,DY-31,DY-31-61,716,716.0,716,716.0,,,dirham,1.0,Weh-Andiôk-Šāpūr (WH),2021-01-01 00:00:00.000000,2021-01-01 00:00:00.000000,2021-08-09 16:28:22.368953,
323,DY-31,DY-31-62,717,717.0,717,717.0,,,dirham,2.0,Ray (LD/LDY),2021-01-01 00:00:00.000000,2021-01-01 00:00:00.000000,2021-08-09 16:28:22.368953,
324,DY-31,DY-31-63,717,717.0,717,717.0,,,dirham,1.0,Iṣṭaḵr (ST/STHL),2021-01-01 00:00:00.000000,2021-01-01 00:00:00.000000,2021-08-09 16:28:22.368953,
325,DY-31,DY-31-64,718,718.0,718,718.0,,,dirham,1.0,Wasit,2021-01-01 00:00:00.000000,2021-01-01 00:00:00.000000,2021-08-09 16:28:22.368953,
326,DY-31,DY-31-65,719,719.0,719,719.0,,,dirham,1.0,Dimashq,2021-01-01 00:00:00.000000,2021-01-01 00:00:00.000000,2021-08-09 16:28:22.368953,
327,DY-31,DY-31-66,719,719.0,719,719.0,,,dirham,1.0,Al-Baṣra,2021-01-01 00:00:00.000000,2021-01-01 00:00:00.000000,2021-08-09 16:28:22.368953,
328,DY-31,DY-31-67,720,720.0,720,720.0,,,dirham,1.0,Al-Baṣra,2021-01-01 00:00:00.000000,2021-01-01 00:00:00.000000,2021-08-09 16:28:22.368953,
329,DY-31,DY-31-68,721,721.0,721,721.0,,,dirham,1.0,Iṣṭaḵr (ST/STHL),2021-01-01 00:00:00.000000,2021-01-01 00:00:00.000000,2021-08-09 16:28:22.368953,
330,DY-31,DY-31-69,721,721.0,721,721.0,,,dirham,1.0,Al-Kufa (AKWLA),2021-01-01 00:00:00.000000,2021-01-01 00:00:00.000000,2021-08-09 16:28:22.368953,
331,DY-31,DY-31-70,721,748.0,721,748.0,,,dirham,1.0,Kirmān,2021-01-01 00:00:00.000000,2021-01-01 00:00:00.000000,2021-08-09 16:28:22.368953,date partially legible: either 102h or 130h
332,DY-31,DY-31-71,721,721.0,721,721.0,,,dirham,1.0,Kirmān,2021-01-01 00:00:00.000000,2021-01-01 00:00:00.000000,2021-08-09 16:28:22.368953,
333,DY-31,DY-31-72,729,729.0,729,729.0,,,dirham,2.0,Cordoba,2021-01-01 00:00:00.000000,2021-01-01 00:00:00.000000,2021-08-09 16:28:22.368953,
334,DY-31,DY-31-73,738,738.0,738,738.0,,,dirham,1.0,Cordoba,2021-01-01 00:00:00.000000,2021-01-01 00:00:00.000000,2021-08-09 16:28:22.368953,
335,DY-31,DY-31-74,740,740.0,740,740.0,,,dirham,2.0,Cordoba,2021-01-01 00:00:00.000000,2021-01-01 00:00:00.000000,2021-08-09 16:28:22.368953,
336,DY-31,DY-31-75,753,753.0,753,753.0,,,dirham,2.0,Cordoba,2021-01-01 00:00:00.000000,2021-01-01 00:00:00.000000,2021-08-09 16:28:22.368953,
337,DY-31,DY-31-76,721,721.0,721,721.0,,,dirham,1.0,Wasit,2021-01-01 00:00:00.000000,2021-01-01 00:00:00.000000,2021-08-09 16:28:22.368953,
338,DY-32,DY-32-1,711,726.0,711,726.0,,,fals,3.0,Unknown (Iberian Peninsula),2021-01-01 00:00:00.000000,2021-01-01 00:00:00.000000,2021-08-09 16:28:22.368953,
339,DY-32,DY-32-2,716,756.0,716,756.0,,,fals,12.0,Cordoba,2021-01-01 00:00:00.000000,2021-01-01 00:00:00.000000,2021-08-09 16:28:22.368953,
340,DY-32,DY-32-3,711,719.0,711,719.0,,,fals,1.0,Unknown,2021-01-01 00:00:00.000000,2021-01-01 00:00:00.000000,2021-08-09 16:28:22.368953,Either al-Andalus or Maghrib
341,DY-33,DY-33-1,716,756.0,716,756.0,,,fals,2.0,Cordoba,2021-01-01 00:00:00.000000,2021-01-01 00:00:00.000000,2021-08-09 16:28:22.368953,
342,DY-34,DY-34-1,711,719.0,711,719.0,,,fals,2.0,Unknown,2021-01-01 00:00:00.000000,2021-01-01 00:00:00.000000,2021-08-09 16:28:22.368953,Either al-Andalus or Maghrib
343,DY-34,DY-34-2,718,735.0,718,735.0,,,fals,1.0,Cordoba,2021-01-01 00:00:00.000000,2021-01-01 00:00:00.000000,2021-08-09 16:28:22.368953,
344,DY-35,DY-35-1,711,719.0,711,719.0,,,fals,1.0,Unknown,2021-01-01 00:00:00.000000,2021-01-01 00:00:00.000000,2021-08-09 16:28:22.368953,Either al-Andalus or Maghrib
345,DY-36,DY-36-1,720,720.0,720,720.0,,,dirham,1.0,Al-Kufa (AKWLA),2021-01-01 00:00:00.000000,2021-01-01 00:00:00.000000,2021-08-09 16:28:22.368953,
346,DY-36,DY-36-2,709,709.0,709,709.0,,,dirham,1.0,Hormozd-Ardašir (AW/AWH),2021-01-01 00:00:00.000000,2021-01-01 00:00:00.000000,2021-08-09 16:28:22.368953,
347,DY-36,DY-36-3,699,699.0,699,699.0,,,dirham,1.0,Fasa (Near Darabgird) (DA+P),2021-01-01 00:00:00.000000,2021-01-01 00:00:00.000000,2021-08-09 16:28:22.368953,
348,DY-36,DY-36-4,699,699.0,699,699.0,,,dirham,1.0,Mahay,2021-01-01 00:00:00.000000,2021-01-01 00:00:00.000000,2021-08-09 16:28:22.368953,
349,DY-36,DY-36-5,705,705.0,705,705.0,,,dirham,1.0,Wasit,2021-01-01 00:00:00.000000,2021-01-01 00:00:00.000000,2021-08-09 16:28:22.368953,
350,DY-36,DY-36-6,721,721.0,721,721.0,,,dirham,1.0,al-Qayrawan,2021-01-01 00:00:00.000000,2021-01-01 00:00:00.000000,2021-08-09 16:28:22.368953,
351,DY-36,DY-36-7,723,723.0,723,723.0,,,dirham,1.0,Azerbaijān (AT),2021-01-01 00:00:00.000000,2021-01-01 00:00:00.000000,2021-08-09 16:28:22.368953,
352,DY-36,DY-36-8,709,709.0,709,709.0,,,dirham,1.0,Herat (HL/HLYDY),2021-01-01 00:00:00.000000,2021-01-01 00:00:00.000000,2021-08-09 16:28:22.368953,
353,DY-36,DY-36-9,715,715.0,715,715.0,,,dirham,1.0,Iṣṭaḵr (ST/STHL),2021-01-01 00:00:00.000000,2021-01-01 00:00:00.000000,2021-08-09 16:28:22.368953,
354,DY-36,DY-36-10,716,716.0,716,716.0,,,dirham,1.0,Dimashq,2021-01-01 00:00:00.000000,2021-01-01 00:00:00.000000,2021-08-09 16:28:22.368953,
355,DY-36,DY-36-11,736,736.0,736,736.0,,,dirham,2.0,Cordoba,2021-01-01 00:00:00.000000,2021-01-01 00:00:00.000000,2021-08-09 16:28:22.368953,
356,DY-36,DY-36-12,732,732.0,732,732.0,,,dirham,1.0,Cordoba,2021-01-01 00:00:00.000000,2021-01-01 00:00:00.000000,2021-08-09 16:28:22.368953,
357,DY-36,DY-36-13,735,735.0,735,735.0,,,dirham,1.0,Cordoba,2021-01-01 00:00:00.000000,2021-01-01 00:00:00.000000,2021-08-09 16:28:22.368953,
358,DY-36,DY-36-14,742,742.0,742,742.0,,,dirham,1.0,Cordoba,2021-01-01 00:00:00.000000,2021-01-01 00:00:00.000000,2021-08-09 16:28:22.368953,
359,DY-37,DY-37-1,716,756.0,716,756.0,,,fals,1.0,Cordoba,2021-01-01 00:00:00.000000,2021-01-01 00:00:00.000000,2021-08-09 16:28:22.368953,
360,DY-37,DY-37-2,720,800.0,720,800.0,,,fals,1.0,Unknown,2021-01-01 00:00:00.000000,2021-01-01 00:00:00.000000,2021-08-09 16:28:22.368953,From western Maghrib?
361,DY-38,DY-38-1,612,621.0,612,621.0,Sisebut,,tremissis,1.0,Tarracona,2021-01-01 00:00:00.000000,2021-01-01 00:00:00.000000,2021-08-09 16:28:22.368953,
362,DY-39,DY-39-1,713,714.0,713,714.0,,,dinar,1.0,Unknown (Iberian Peninsula),2021-01-01 00:00:00.000000,2021-01-01 00:00:00.000000,2021-08-09 16:28:22.368953,Jonson IP2
363,DY-40,DY-40-1,716,756.0,716,756.0,,,fals,1.0,Cordoba,2021-01-01 00:00:00.000000,2021-01-01 00:00:00.000000,2021-08-09 16:28:22.368953,
364,DY-40,DY-40-2,716,756.0,716,756.0,,,fals,1.0,Cordoba,2021-01-01 00:00:00.000000,2021-01-01 00:00:00.000000,2021-08-09 16:28:22.368953,
365,DY-41,DY-41-1,720,725.0,720,725.0,,,fals,1.0,Cordoba,2021-01-01 00:00:00.000000,2021-01-01 00:00:00.000000,2021-08-09 16:28:22.368953,
366,DY-42,DY-42-1,716,756.0,716,756.0,,,fals,3.0,Cordoba,2021-01-01 00:00:00.000000,2021-01-01 00:00:00.000000,2021-08-09 16:28:22.368953,
367,DY-42,DY-42-2,705,750.0,705,750.0,,,fals,1.0,Unknown,2021-01-01 00:00:00.000000,2021-01-01 00:00:00.000000,2021-08-09 16:28:22.368953,
368,DY-43,DY-43-1,716,716.0,716,716.0,,,dirham,3.0,Ardašir-Xwarrah (ART),2021-01-01 00:00:00.000000,2021-01-01 00:00:00.000000,2021-08-09 16:28:22.368953,
369,DY-43,DY-43-2,699,746.0,699,746.0,,,dirham,1.0,Ardašir-Xwarrah (ART),2021-01-01 00:00:00.000000,2021-01-01 00:00:00.000000,2021-08-09 16:28:22.368953,
370,DY-43,DY-43-3,713,713.0,713,713.0,,,dirham,1.0,Iṣṭaḵr (ST/STHL),2021-01-01 00:00:00.000000,2021-01-01 00:00:00.000000,2021-08-09 16:28:22.368953,
371,DY-43,DY-43-4,714,714.0,714,714.0,,,dirham,2.0,Iṣṭaḵr (ST/STHL),2021-01-01 00:00:00.000000,2021-01-01 00:00:00.000000,2021-08-09 16:28:22.368953,
372,DY-43,DY-43-5,729,729.0,729,729.0,,,dirham,1.0,al-Qayrawan,2021-01-01 00:00:00.000000,2021-01-01 00:00:00.000000,2021-08-09 16:28:22.368953,
373,DY-43,DY-43-6,734,734.0,734,734.0,,,dirham,1.0,al-Qayrawan,2021-01-01 00:00:00.000000,2021-01-01 00:00:00.000000,2021-08-09 16:28:22.368953,
374,DY-43,DY-43-7,736,736.0,736,736.0,,,dirham,1.0,al-Qayrawan,2021-01-01 00:00:00.000000,2021-01-01 00:00:00.000000,2021-08-09 16:28:22.368953,
375,DY-43,DY-43-8,716,750.0,716,750.0,,,dirham,3.0,al-Qayrawan,2021-01-01 00:00:00.000000,2021-01-01 00:00:00.000000,2021-08-09 16:28:22.368953,
376,DY-43,DY-43-9,724,724.0,724,724.0,,,dirham,1.0,Cordoba,2021-01-01 00:00:00.000000,2021-01-01 00:00:00.000000,2021-08-09 16:28:22.368953,
377,DY-43,DY-43-10,728,728.0,728,728.0,,,dirham,1.0,Cordoba,2021-01-01 00:00:00.000000,2021-01-01 00:00:00.000000,2021-08-09 16:28:22.368953,
378,DY-43,DY-43-11,734,734.0,734,734.0,,,dirham,2.0,Cordoba,2021-01-01 00:00:00.000000,2021-01-01 00:00:00.000000,2021-08-09 16:28:22.368953,
379,DY-43,DY-43-12,735,735.0,735,735.0,,,dirham,2.0,Cordoba,2021-01-01 00:00:00.000000,2021-01-01 00:00:00.000000,2021-08-09 16:28:22.368953,
380,DY-43,DY-43-13,736,736.0,736,736.0,,,dirham,2.0,Cordoba,2021-01-01 00:00:00.000000,2021-01-01 00:00:00.000000,2021-08-09 16:28:22.368953,
381,DY-43,DY-43-14,739,739.0,739,739.0,,,dirham,2.0,Cordoba,2021-01-01 00:00:00.000000,2021-01-01 00:00:00.000000,2021-08-09 16:28:22.368953,
382,DY-43,DY-43-15,740,740.0,740,740.0,,,dirham,3.0,Cordoba,2021-01-01 00:00:00.000000,2021-01-01 00:00:00.000000,2021-08-09 16:28:22.368953,
383,DY-43,DY-43-16,742,742.0,742,742.0,,,dirham,2.0,Cordoba,2021-01-01 00:00:00.000000,2021-01-01 00:00:00.000000,2021-08-09 16:28:22.368953,
384,DY-43,DY-43-17,747,747.0,747,747.0,,,dirham,1.0,Cordoba,2021-01-01 00:00:00.000000,2021-01-01 00:00:00.000000,2021-08-09 16:28:22.368953,
385,DY-43,DY-43-18,754,754.0,754,754.0,,,dirham,1.0,Cordoba,2021-01-01 00:00:00.000000,2021-01-01 00:00:00.000000,2021-08-09 16:28:22.368953,
386,DY-43,DY-43-19,721,754.0,721,754.0,,,dirham,11.0,Cordoba,2021-01-01 00:00:00.000000,2021-01-01 00:00:00.000000,2021-08-09 16:28:22.368953,
387,DY-43,DY-43-20,700,700.0,700,700.0,,,dirham,1.0,Al-Baṣra,2021-01-01 00:00:00.000000,2021-01-01 00:00:00.000000,2021-08-09 16:28:22.368953,
388,DY-43,DY-43-21,705,705.0,705,705.0,,,dirham,1.0,Al-Baṣra,2021-01-01 00:00:00.000000,2021-01-01 00:00:00.000000,2021-08-09 16:28:22.368953,
389,DY-43,DY-43-22,719,719.0,719,719.0,,,dirham,1.0,Al-Baṣra,2021-01-01 00:00:00.000000,2021-01-01 00:00:00.000000,2021-08-09 16:28:22.368953,
390,DY-43,DY-43-23,698,746.0,698,746.0,,,dirham,3.0,Al-Baṣra,2021-01-01 00:00:00.000000,2021-01-01 00:00:00.000000,2021-08-09 16:28:22.368953,
391,DY-43,DY-43-24,698,716.0,698,716.0,,,dirham,1.0,Bahurasir,2021-01-01 00:00:00.000000,2021-01-01 00:00:00.000000,2021-08-09 16:28:22.368953,
392,DY-43,DY-43-25,699,699.0,699,699.0,,,dirham,1.0,Al-Jisr,2021-01-01 00:00:00.000000,2021-01-01 00:00:00.000000,2021-08-09 16:28:22.368953,
393,DY-43,DY-43-26,700,700.0,700,700.0,,,dirham,1.0,Gay (GD),2021-01-01 00:00:00.000000,2021-01-01 00:00:00.000000,2021-08-09 16:28:22.368953,
394,DY-43,DY-43-27,709,709.0,709,709.0,,,dirham,1.0,Gay (GD),2021-01-01 00:00:00.000000,2021-01-01 00:00:00.000000,2021-08-09 16:28:22.368953,
395,DY-43,DY-43-28,709,709.0,709,709.0,,,dirham,1.0,Darabgird (DA),2021-01-01 00:00:00.000000,2021-01-01 00:00:00.000000,2021-08-09 16:28:22.368953,
396,DY-43,DY-43-29,713,713.0,713,713.0,,,dirham,1.0,Darabgird (DA),2021-01-01 00:00:00.000000,2021-01-01 00:00:00.000000,2021-08-09 16:28:22.368953,
397,DY-43,DY-43-30,714,714.0,714,714.0,,,dirham,1.0,Darabgird (DA),2021-01-01 00:00:00.000000,2021-01-01 00:00:00.000000,2021-08-09 16:28:22.368953,
398,DY-43,DY-43-31,716,716.0,716,716.0,,,dirham,1.0,Darabgird (DA),2021-01-01 00:00:00.000000,2021-01-01 00:00:00.000000,2021-08-09 16:28:22.368953,
399,DY-43,DY-43-32,698,747.0,698,747.0,,,dirham,2.0,Darabgird (DA),2021-01-01 00:00:00.000000,2021-01-01 00:00:00.000000,2021-08-09 16:28:22.368953,
400,DY-43,DY-43-33,715,715.0,715,715.0,,,dirham,1.0,Dastawa,2021-01-01 00:00:00.000000,2021-01-01 00:00:00.000000,2021-08-09 16:28:22.368953,
401,DY-43,DY-43-34,698,717.0,698,717.0,,,dirham,1.0,Dastawa,2021-01-01 00:00:00.000000,2021-01-01 00:00:00.000000,2021-08-09 16:28:22.368953,
402,DY-43,DY-43-35,698,698.0,698,698.0,,,dirham,1.0,Dimashq,2021-01-01 00:00:00.000000,2021-01-01 00:00:00.000000,2021-08-09 16:28:22.368953,
403,DY-43,DY-43-36,708,708.0,708,708.0,,,dirham,3.0,Dimashq,2021-01-01 00:00:00.000000,2021-01-01 00:00:00.000000,2021-08-09 16:28:22.368953,
404,DY-43,DY-43-37,712,712.0,712,712.0,,,dirham,1.0,Dimashq,2021-01-01 00:00:00.000000,2021-01-01 00:00:00.000000,2021-08-09 16:28:22.368953,
405,DY-43,DY-43-38,714,714.0,714,714.0,,,dirham,2.0,Dimashq,2021-01-01 00:00:00.000000,2021-01-01 00:00:00.000000,2021-08-09 16:28:22.368953,
406,DY-43,DY-43-39,717,717.0,717,717.0,,,dirham,1.0,Dimashq,2021-01-01 00:00:00.000000,2021-01-01 00:00:00.000000,2021-08-09 16:28:22.368953,
407,DY-43,DY-43-40,718,718.0,718,718.0,,,dirham,1.0,Dimashq,2021-01-01 00:00:00.000000,2021-01-01 00:00:00.000000,2021-08-09 16:28:22.368953,
408,DY-43,DY-43-41,719,719.0,719,719.0,,,dirham,1.0,Dimashq,2021-01-01 00:00:00.000000,2021-01-01 00:00:00.000000,2021-08-09 16:28:22.368953,
409,DY-43,DY-43-42,723,723.0,723,723.0,,,dirham,1.0,Dimashq,2021-01-01 00:00:00.000000,2021-01-01 00:00:00.000000,2021-08-09 16:28:22.368953,
410,DY-43,DY-43-43,732,732.0,732,732.0,,,dirham,1.0,Dimashq,2021-01-01 00:00:00.000000,2021-01-01 00:00:00.000000,2021-08-09 16:28:22.368953,
411,DY-43,DY-43-44,698,750.0,698,750.0,,,dirham,8.0,Dimashq,2021-01-01 00:00:00.000000,2021-01-01 00:00:00.000000,2021-08-09 16:28:22.368953,
412,DY-43,DY-43-45,713,713.0,713,713.0,,,dirham,1.0,Ray (LD/LDY),2021-01-01 00:00:00.000000,2021-01-01 00:00:00.000000,2021-08-09 16:28:22.368953,
413,DY-43,DY-43-46,698,749.0,698,749.0,,,dirham,1.0,Ray (LD/LDY),2021-01-01 00:00:00.000000,2021-01-01 00:00:00.000000,2021-08-09 16:28:22.368953,
414,DY-43,DY-43-47,698,746.0,698,746.0,,,dirham,1.0,Ram-Hormozd (LAM),2021-01-01 00:00:00.000000,2021-01-01 00:00:00.000000,2021-08-09 16:28:22.368953,
415,DY-43,DY-43-48,700,700.0,700,700.0,,,dirham,1.0,Bīšāpūr (BYŠ/BŠHP/BŠHPW),2021-01-01 00:00:00.000000,2021-01-01 00:00:00.000000,2021-08-09 16:28:22.368953,
416,DY-43,DY-43-49,709,709.0,709,709.0,,,dirham,2.0,Bīšāpūr (BYŠ/BŠHP/BŠHPW),2021-01-01 00:00:00.000000,2021-01-01 00:00:00.000000,2021-08-09 16:28:22.368953,
417,DY-43,DY-43-50,712,712.0,712,712.0,,,dirham,1.0,Bīšāpūr (BYŠ/BŠHP/BŠHPW),2021-01-01 00:00:00.000000,2021-01-01 00:00:00.000000,2021-08-09 16:28:22.368953,
418,DY-43,DY-43-51,715,715.0,715,715.0,,,dirham,1.0,Bīšāpūr (BYŠ/BŠHP/BŠHPW),2021-01-01 00:00:00.000000,2021-01-01 00:00:00.000000,2021-08-09 16:28:22.368953,
419,DY-43,DY-43-52,716,716.0,716,716.0,,,dirham,1.0,Bīšāpūr (BYŠ/BŠHP/BŠHPW),2021-01-01 00:00:00.000000,2021-01-01 00:00:00.000000,2021-08-09 16:28:22.368953,
420,DY-43,DY-43-53,698,747.0,698,747.0,,,dirham,2.0,Bīšāpūr (BYŠ/BŠHP/BŠHPW),2021-01-01 00:00:00.000000,2021-01-01 00:00:00.000000,2021-08-09 16:28:22.368953,
421,DY-43,DY-43-54,709,709.0,709,709.0,,,dirham,1.0,Sīstān (SK/SKSTN),2021-01-01 00:00:00.000000,2021-01-01 00:00:00.000000,2021-08-09 16:28:22.368953,
422,DY-43,DY-43-55,699,699.0,699,699.0,,,dirham,1.0,Surraq,2021-01-01 00:00:00.000000,2021-01-01 00:00:00.000000,2021-08-09 16:28:22.368953,
423,DY-43,DY-43-56,699,699.0,699,699.0,,,dirham,1.0,Hormozd-Ardašir (AW/AWH),2021-01-01 00:00:00.000000,2021-01-01 00:00:00.000000,2021-08-09 16:28:22.368953,
424,DY-43,DY-43-57,698,717.0,698,717.0,,,dirham,3.0,Hormozd-Ardašir (AW/AWH),2021-01-01 00:00:00.000000,2021-01-01 00:00:00.000000,2021-08-09 16:28:22.368953,
425,DY-43,DY-43-58,698,716.0,698,716.0,,,dirham,1.0,al-Furat,2021-01-01 00:00:00.000000,2021-01-01 00:00:00.000000,2021-08-09 16:28:22.368953,
426,DY-43,DY-43-59,715,715.0,715,715.0,,,dirham,1.0,Kirmān (KRMAN),2021-01-01 00:00:00.000000,2021-01-01 00:00:00.000000,2021-08-09 16:28:22.368953,
427,DY-43,DY-43-60,721,721.0,721,721.0,,,dirham,1.0,Kirmān (KRMAN),2021-01-01 00:00:00.000000,2021-01-01 00:00:00.000000,2021-08-09 16:28:22.368953,
428,DY-43,DY-43-61,709,747.0,709,747.0,,,dirham,1.0,Mahay,2021-01-01 00:00:00.000000,2021-01-01 00:00:00.000000,2021-08-09 16:28:22.368953,
429,DY-43,DY-43-62,714,714.0,714,714.0,,,dirham,2.0,Marw (ML/MLWY/MRW),2021-01-01 00:00:00.000000,2021-01-01 00:00:00.000000,2021-08-09 16:28:22.368953,
430,DY-43,DY-43-63,716,716.0,716,716.0,,,dirham,1.0,Marw (ML/MLWY/MRW),2021-01-01 00:00:00.000000,2021-01-01 00:00:00.000000,2021-08-09 16:28:22.368953,
431,DY-43,DY-43-64,712,712.0,712,712.0,,,dirham,2.0,Manadhir,2021-01-01 00:00:00.000000,2021-01-01 00:00:00.000000,2021-08-09 16:28:22.368953,
432,DY-43,DY-43-65,698,717.0,698,717.0,,,dirham,2.0,Manadhir,2021-01-01 00:00:00.000000,2021-01-01 00:00:00.000000,2021-08-09 16:28:22.368953,
433,DY-43,DY-43-66,715,715.0,715,715.0,,,dirham,1.0,Maysān (MY),2021-01-01 00:00:00.000000,2021-01-01 00:00:00.000000,2021-08-09 16:28:22.368953,
434,DY-43,DY-43-67,711,711.0,711,711.0,,,dirham,1.0,Herat (HL/HLYDY),2021-01-01 00:00:00.000000,2021-01-01 00:00:00.000000,2021-08-09 16:28:22.368953,
435,DY-43,DY-43-68,703,703.0,703,703.0,,,dirham,1.0,Wasit,2021-01-01 00:00:00.000000,2021-01-01 00:00:00.000000,2021-08-09 16:28:22.368953,
436,DY-43,DY-43-69,705,705.0,705,705.0,,,dirham,1.0,Wasit,2021-01-01 00:00:00.000000,2021-01-01 00:00:00.000000,2021-08-09 16:28:22.368953,
437,DY-43,DY-43-70,709,709.0,709,709.0,,,dirham,2.0,Wasit,2021-01-01 00:00:00.000000,2021-01-01 00:00:00.000000,2021-08-09 16:28:22.368953,
438,DY-43,DY-43-71,712,712.0,712,712.0,,,dirham,2.0,Wasit,2021-01-01 00:00:00.000000,2021-01-01 00:00:00.000000,2021-08-09 16:28:22.368953,
439,DY-43,DY-43-72,714,714.0,714,714.0,,,dirham,7.0,Wasit,2021-01-01 00:00:00.000000,2021-01-01 00:00:00.000000,2021-08-09 16:28:22.368953,
440,DY-43,DY-43-73,715,715.0,715,715.0,,,dirham,3.0,Wasit,2021-01-01 00:00:00.000000,2021-01-01 00:00:00.000000,2021-08-09 16:28:22.368953,
441,DY-43,DY-43-74,716,716.0,716,716.0,,,dirham,1.0,Wasit,2021-01-01 00:00:00.000000,2021-01-01 00:00:00.000000,2021-08-09 16:28:22.368953,
442,DY-43,DY-43-75,718,718.0,718,718.0,,,dirham,2.0,Wasit,2021-01-01 00:00:00.000000,2021-01-01 00:00:00.000000,2021-08-09 16:28:22.368953,
443,DY-43,DY-43-76,722,722.0,722,722.0,,,dirham,1.0,Wasit,2021-01-01 00:00:00.000000,2021-01-01 00:00:00.000000,2021-08-09 16:28:22.368953,
444,DY-43,DY-43-77,723,723.0,723,723.0,,,dirham,1.0,Wasit,2021-01-01 00:00:00.000000,2021-01-01 00:00:00.000000,2021-08-09 16:28:22.368953,
445,DY-43,DY-43-78,724,724.0,724,724.0,,,dirham,1.0,Wasit,2021-01-01 00:00:00.000000,2021-01-01 00:00:00.000000,2021-08-09 16:28:22.368953,
446,DY-43,DY-43-79,725,725.0,725,725.0,,,dirham,1.0,Wasit,2021-01-01 00:00:00.000000,2021-01-01 00:00:00.000000,2021-08-09 16:28:22.368953,
447,DY-43,DY-43-80,736,736.0,736,736.0,,,dirham,1.0,Wasit,2021-01-01 00:00:00.000000,2021-01-01 00:00:00.000000,2021-08-09 16:28:22.368953,
448,DY-43,DY-43-81,738,738.0,738,738.0,,,dirham,2.0,Wasit,2021-01-01 00:00:00.000000,2021-01-01 00:00:00.000000,2021-08-09 16:28:22.368953,
449,DY-43,DY-43-82,739,739.0,739,739.0,,,dirham,2.0,Wasit,2021-01-01 00:00:00.000000,2021-01-01 00:00:00.000000,2021-08-09 16:28:22.368953,
450,DY-43,DY-43-83,740,740.0,740,740.0,,,dirham,2.0,Wasit,2021-01-01 00:00:00.000000,2021-01-01 00:00:00.000000,2021-08-09 16:28:22.368953,
451,DY-43,DY-43-84,742,742.0,742,742.0,,,dirham,1.0,Wasit,2021-01-01 00:00:00.000000,2021-01-01 00:00:00.000000,2021-08-09 16:28:22.368953,
452,DY-43,DY-43-85,702,750.0,702,750.0,,,dirham,25.0,Wasit,2021-01-01 00:00:00.000000,2021-01-01 00:00:00.000000,2021-08-09 16:28:22.368953,
453,DY-43,DY-43-86,704,704.0,704,704.0,,,dirham,1.0,Unknown,2021-01-01 00:00:00.000000,2021-01-01 00:00:00.000000,2021-08-09 16:28:22.368953,
454,DY-43,DY-43-87,705,705.0,705,705.0,,,dirham,1.0,Unknown,2021-01-01 00:00:00.000000,2021-01-01 00:00:00.000000,2021-08-09 16:28:22.368953,
455,DY-43,DY-43-88,709,709.0,709,709.0,,,dirham,2.0,Unknown,2021-01-01 00:00:00.000000,2021-01-01 00:00:00.000000,2021-08-09 16:28:22.368953,
456,DY-43,DY-43-89,710,710.0,710,710.0,,,dirham,2.0,Unknown,2021-01-01 00:00:00.000000,2021-01-01 00:00:00.000000,2021-08-09 16:28:22.368953,
457,DY-43,DY-43-90,711,711.0,711,711.0,,,dirham,1.0,Unknown,2021-01-01 00:00:00.000000,2021-01-01 00:00:00.000000,2021-08-09 16:28:22.368953,
458,DY-43,DY-43-91,713,713.0,713,713.0,,,dirham,1.0,Unknown,2021-01-01 00:00:00.000000,2021-01-01 00:00:00.000000,2021-08-09 16:28:22.368953,
459,DY-43,DY-43-92,714,714.0,714,714.0,,,dirham,5.0,Unknown,2021-01-01 00:00:00.000000,2021-01-01 00:00:00.000000,2021-08-09 16:28:22.368953,
460,DY-43,DY-43-93,715,715.0,715,715.0,,,dirham,2.0,Unknown,2021-01-01 00:00:00.000000,2021-01-01 00:00:00.000000,2021-08-09 16:28:22.368953,
461,DY-43,DY-43-94,716,716.0,716,716.0,,,dirham,4.0,Unknown,2021-01-01 00:00:00.000000,2021-01-01 00:00:00.000000,2021-08-09 16:28:22.368953,
462,DY-43,DY-43-95,718,718.0,718,718.0,,,dirham,1.0,Unknown,2021-01-01 00:00:00.000000,2021-01-01 00:00:00.000000,2021-08-09 16:28:22.368953,
463,DY-43,DY-43-96,720,720.0,720,720.0,,,dirham,1.0,Unknown,2021-01-01 00:00:00.000000,2021-01-01 00:00:00.000000,2021-08-09 16:28:22.368953,
464,DY-43,DY-43-97,721,721.0,721,721.0,,,dirham,1.0,Unknown,2021-01-01 00:00:00.000000,2021-01-01 00:00:00.000000,2021-08-09 16:28:22.368953,
465,DY-43,DY-43-98,723,723.0,723,723.0,,,dirham,1.0,Unknown,2021-01-01 00:00:00.000000,2021-01-01 00:00:00.000000,2021-08-09 16:28:22.368953,
466,DY-43,DY-43-99,724,724.0,724,724.0,,,dirham,1.0,Unknown,2021-01-01 00:00:00.000000,2021-01-01 00:00:00.000000,2021-08-09 16:28:22.368953,
467,DY-43,DY-43-100,731,731.0,731,731.0,,,dirham,4.0,Unknown,2021-01-01 00:00:00.000000,2021-01-01 00:00:00.000000,2021-08-09 16:28:22.368953,
468,DY-43,DY-43-101,732,732.0,732,732.0,,,dirham,2.0,Unknown,2021-01-01 00:00:00.000000,2021-01-01 00:00:00.000000,2021-08-09 16:28:22.368953,
469,DY-43,DY-43-102,734,734.0,734,734.0,,,dirham,1.0,Unknown,2021-01-01 00:00:00.000000,2021-01-01 00:00:00.000000,2021-08-09 16:28:22.368953,
470,DY-43,DY-43-103,743,743.0,743,743.0,,,dirham,1.0,Unknown,2021-01-01 00:00:00.000000,2021-01-01 00:00:00.000000,2021-08-09 16:28:22.368953,
471,DY-43,DY-43-104,745,745.0,745,745.0,,,dirham,1.0,Unknown,2021-01-01 00:00:00.000000,2021-01-01 00:00:00.000000,2021-08-09 16:28:22.368953,
472,DY-43,DY-43-105,750,750.0,750,750.0,,,dirham,1.0,Unknown,2021-01-01 00:00:00.000000,2021-01-01 00:00:00.000000,2021-08-09 16:28:22.368953,
473,DY-43,DY-43-106,698,754.0,698,754.0,,,dirham,151.0,Unknown,2021-01-01 00:00:00.000000,2021-01-01 00:00:00.000000,2021-08-09 16:28:22.368953,
475,AK-1,AK-1-1,601,603.0,601,603.0,Liuva II,,tremissis,1.0,Toleto,2021-01-01 00:00:00.000000,2021-01-01 00:00:00.000000,2021-08-09 16:28:22.368953,
477,AK-200,AK-200-1,687,702.0,687,702.0,Egica,,tremissis,1.0,Ispali,2021-01-01 00:00:00.000000,2021-01-01 00:00:00.000000,2021-08-09 16:28:22.368953,
